,ssec,wti,ine
2018/3/27,0.009575563,0.026859979,0.029884382
2018/3/28,0.010345154,0.025278516,0.026105827
2018/3/29,0.012219992,0.02357106,0.031925025
2018/3/30,0.01202329,0.022059735,0.023311006
2018/3/31,0.009235257,0.02051157,0.028806536
2018/4/1,0.007789593,0.019755926,0.0270488
2018/4/2,0.007134821,0.020529234,0.023401384
2018/4/3,0.006965129,0.023134273,0.019567574
2018/4/4,0.008672065,0.02172609,0.028685005
2018/4/5,0.007589151,0.020211328,0.021613726
2018/4/6,0.00707608,0.019038883,0.018053653
2018/4/7,0.006846757,0.020530036,0.016240118
2018/4/8,0.006771308,0.019599258,0.015261904
2018/4/9,0.006795072,0.018479261,0.014721521
2018/4/10,6.89E-03,1.92E-02,1.45E-02
2018/4/11,0.012489234,0.022612406,0.026274245
2018/4/12,9.96E-03,2.23E-02,2.32E-02
2018/4/13,0.009823566,0.020779793,0.024730854
2018/4/14,9.08E-03,1.95E-02,1.91E-02
2018/4/15,0.009821189,0.018295686,0.016279634
2018/4/16,1.13E-02,1.76E-02,1.50E-02
2018/4/17,1.32E-02,1.78E-02,1.48E-02
2018/4/18,1.32E-02,1.71E-02,1.45E-02
2018/4/19,1.10E-02,2.11E-02,1.62E-02
2018/4/20,0.010084996,0.019777221,0.028477751
2018/4/21,1.25E-02,1.86E-02,2.05E-02
2018/4/22,1.14E-02,1.75E-02,1.68E-02
2018/4/23,9.49E-03,1.67E-02,1.53E-02
2018/4/24,0.007902057,0.016164359,0.014665443
2018/4/25,1.45E-02,1.64E-02,2.24E-02
2018/4/26,1.06E-02,1.57E-02,1.81E-02
2018/4/27,1.22E-02,1.51E-02,1.60E-02
2018/4/28,9.28E-03,1.46E-02,1.67E-02
2018/4/29,7.86E-03,1.42E-02,1.64E-02
2018/4/30,0.00720571,0.013847449,0.015917485
2018/5/1,6.91E-03,1.38E-02,1.54E-02
2018/5/2,6.78E-03,1.49E-02,1.50E-02
2018/5/3,6.74E-03,1.46E-02,1.46E-02
2018/5/4,7.85E-03,1.45E-02,1.70E-02
2018/5/5,7.44E-03,1.62E-02,1.67E-02
2018/5/6,7.21E-03,1.66E-02,1.87E-02
2018/5/7,8.86E-03,1.62E-02,2.20E-02
2018/5/8,1.20E-02,1.56E-02,2.61E-02
2018/5/9,1.04E-02,1.55E-02,2.04E-02
2018/5/10,8.30E-03,1.95E-02,1.87E-02
2018/5/11,7.96E-03,1.84E-02,3.46E-02
2018/5/12,7.55E-03,1.80E-02,2.35E-02
2018/5/13,7.07E-03,1.72E-02,1.82E-02
2018/5/14,6.88E-03,1.63E-02,1.64E-02
2018/5/15,7.11E-03,1.58E-02,1.66E-02
2018/5/16,7.76E-03,1.51E-02,1.63E-02
2018/5/17,8.44E-03,1.46E-02,1.54E-02
2018/5/18,8.02E-03,1.42E-02,1.84E-02
2018/5/19,1.07E-02,1.38E-02,2.10E-02
2018/5/20,0.010691981,0.013692746,0.018812385
2018/5/21,9.98E-03,1.42E-02,1.62E-02
2018/5/22,9.07E-03,1.56E-02,1.54E-02
2018/5/23,7.68E-03,1.51E-02,1.52E-02
2018/5/24,1.15E-02,1.47E-02,1.49E-02
2018/5/25,0.009287884,0.01563588,0.015135822
2018/5/26,8.24E-03,2.36E-02,1.66E-02
2018/5/27,7.65E-03,2.65E-02,2.04E-02
2018/5/28,7.29E-03,2.70E-02,2.56E-02
2018/5/29,7.04E-03,2.62E-02,3.15E-02
2018/5/30,7.46E-03,2.42E-02,2.20E-02
2018/5/31,1.78E-02,2.41E-02,1.75E-02
2018/6/1,1.65E-02,2.32E-02,2.04E-02
2018/6/2,1.22E-02,2.29E-02,1.72E-02
2018/6/3,9.32E-03,2.24E-02,1.54E-02
2018/6/4,7.83E-03,2.18E-02,1.51E-02
2018/6/5,0.007884129,0.021050941,0.01638446
2018/6/6,8.59E-03,2.02E-02,1.64E-02
2018/6/7,7.47E-03,1.92E-02,1.52E-02
2018/6/8,7.10E-03,1.95E-02,1.64E-02
2018/6/9,0.011115127,0.018469533,0.01785938
2018/6/10,1.10E-02,1.74E-02,1.64E-02
2018/6/11,9.89E-03,1.65E-02,1.51E-02
2018/6/12,8.59E-03,1.59E-02,1.52E-02
2018/6/13,9.35E-03,1.52E-02,1.49E-02
2018/6/14,1.00E-02,1.47E-02,1.60E-02
2018/6/15,8.19E-03,1.44E-02,1.49E-02
2018/6/16,8.67E-03,2.06E-02,1.47E-02
2018/6/17,1.22E-02,2.10E-02,1.51E-02
2018/6/18,1.73E-02,1.96E-02,1.61E-02
2018/6/19,2.29E-02,1.91E-02,1.75E-02
2018/6/20,2.88E-02,1.86E-02,1.93E-02
2018/6/21,1.85E-02,1.77E-02,1.70E-02
2018/6/22,1.53E-02,1.68E-02,1.57E-02
2018/6/23,1.12E-02,2.80E-02,1.62E-02
2018/6/24,8.68E-03,2.95E-02,1.50E-02
2018/6/25,8.27E-03,2.77E-02,1.61E-02
2018/6/26,9.97E-03,2.55E-02,2.01E-02
2018/6/27,8.74E-03,2.81E-02,1.78E-02
2018/6/28,1.03E-02,2.76E-02,2.92E-02
2018/6/29,1.02E-02,2.55E-02,2.89E-02
2018/6/30,1.60E-02,2.39E-02,2.10E-02
2018/7/1,1.17E-02,2.23E-02,1.80E-02
2018/7/2,1.09E-02,2.07E-02,1.75E-02
2018/7/3,1.84E-02,1.93E-02,1.82E-02
2018/7/4,1.27E-02,1.83E-02,1.59E-02
2018/7/5,1.14E-02,1.73E-02,1.65E-02
2018/7/6,1.06E-02,1.67E-02,1.51E-02
2018/7/7,8.92E-03,1.68E-02,1.47E-02
2018/7/8,1.05E-02,1.65E-02,1.45E-02
2018/7/9,1.41E-02,1.59E-02,1.44E-02
2018/7/10,1.86E-02,1.53E-02,1.44E-02
2018/7/11,1.29E-02,1.48E-02,2.12E-02
2018/7/12,1.48E-02,2.38E-02,2.02E-02
2018/7/13,1.72E-02,2.20E-02,2.59E-02
2018/7/14,1.19E-02,2.05E-02,2.30E-02
2018/7/15,0.009296517,0.019729054,0.019612094
2018/7/16,0.008365165,0.021454372,0.01678111
2018/7/17,0.008329129,0.026258665,0.01525607
2018/7/18,0.008200006,0.02430125,0.026788594
2018/7/19,7.71E-03,2.25E-02,2.00E-02
2018/7/20,0.0078632,0.020904595,0.0179336
2018/7/21,0.014775116,0.019507764,0.020385958
2018/7/22,0.01511793,0.018342411,0.018828483
2018/7/23,1.39E-02,1.74E-02,1.66E-02
2018/7/24,1.21E-02,1.67E-02,1.52E-02
2018/7/25,1.37E-02,1.67E-02,1.52E-02
2018/7/26,9.93E-03,1.65E-02,1.74E-02
2018/7/27,9.35E-03,1.58E-02,1.72E-02
2018/7/28,8.04E-03,1.55E-02,1.72E-02
2018/7/29,7.41E-03,1.49E-02,1.70E-02
2018/7/30,7.10E-03,1.50E-02,1.67E-02
2018/7/31,6.93E-03,1.67E-02,1.65E-02
2018/8/1,6.98E-03,1.86E-02,1.70E-02
2018/8/2,1.35E-02,1.83E-02,2.08E-02
2018/8/3,1.62E-02,1.90E-02,1.75E-02
2018/8/4,1.29E-02,1.79E-02,2.29E-02
2018/8/5,1.18E-02,1.70E-02,2.40E-02
2018/8/6,0.011800213,0.016162943,0.02390482
2018/8/7,0.012197864,0.015636898,0.023359295
2018/8/8,1.95E-02,1.50E-02,3.83E-02
2018/8/9,1.54E-02,2.01E-02,2.73E-02
2018/8/10,1.59E-02,1.88E-02,2.47E-02
2018/8/11,1.11E-02,1.86E-02,2.56E-02
2018/8/12,8.64E-03,1.78E-02,2.29E-02
2018/8/13,0.0076156,0.016899369,0.019465236
2018/8/14,7.38E-03,1.61E-02,1.66E-02
2018/8/15,7.06E-03,1.58E-02,1.60E-02
2018/8/16,1.50E-02,1.98E-02,1.53E-02
2018/8/17,0.011447273,0.018787136,0.027283011
2018/8/18,0.012301122,0.017903476,0.02094493
2018/8/19,9.82E-03,1.71E-02,1.85E-02
2018/8/20,8.22E-03,1.63E-02,1.80E-02
2018/8/21,1.01E-02,1.57E-02,1.82E-02
2018/8/22,1.16E-02,1.56E-02,1.64E-02
2018/8/23,9.97E-03,2.04E-02,1.83E-02
2018/8/24,8.42E-03,1.90E-02,1.88E-02
2018/8/25,0.007482847,0.018364076,0.016571999
2018/8/26,8.45E-03,1.76E-02,1.55E-02
2018/8/27,0.011142267,0.01680039,0.015006876
2018/8/28,0.014725248,0.016031291,0.014703824
2018/8/29,1.05E-02,1.55E-02,1.45E-02
2018/8/30,8.57E-03,1.64E-02,1.56E-02
2018/8/31,1.04E-02,1.59E-02,2.12E-02
2018/9/1,8.81E-03,1.54E-02,2.03E-02
2018/9/2,7.91E-03,1.50E-02,1.79E-02
2018/9/3,7.37E-03,1.46E-02,1.58E-02
2018/9/4,7.04E-03,1.44E-02,1.50E-02
2018/9/5,0.009755239,0.014174745,0.014901974
2018/9/6,1.34E-02,1.55E-02,1.48E-02
2018/9/7,1.03E-02,1.57E-02,1.62E-02
2018/9/8,0.00860486,0.015042578,0.015945483
2018/9/9,0.007531441,0.014511378,0.014919011
2018/9/10,8.27E-03,1.41E-02,1.52E-02
2018/9/11,0.010701652,0.013778557,0.017499292
2018/9/12,8.51E-03,1.95E-02,1.87E-02
2018/9/13,7.72E-03,1.93E-02,2.39E-02
2018/9/14,1.02E-02,2.02E-02,1.85E-02
2018/9/15,8.27E-03,1.90E-02,2.03E-02
2018/9/16,7.98E-03,1.79E-02,1.88E-02
2018/9/17,8.86E-03,1.69E-02,1.68E-02
2018/9/18,0.010421397,0.016326503,0.015279944
2018/9/19,1.42E-02,1.62E-02,1.50E-02
2018/9/20,1.25E-02,1.76E-02,1.49E-02
2018/9/21,9.33E-03,1.70E-02,1.71E-02
2018/9/22,1.76E-02,1.63E-02,1.54E-02
2018/9/23,1.62E-02,1.62E-02,1.60E-02
2018/9/24,1.28E-02,1.67E-02,1.89E-02
2018/9/25,9.52E-03,1.80E-02,2.32E-02
2018/9/26,8.73E-03,1.70E-02,2.84E-02
2018/9/27,9.54E-03,1.62E-02,2.15E-02
2018/9/28,8.61E-03,1.59E-02,1.80E-02
2018/9/29,1.01E-02,1.72E-02,1.97E-02
2018/9/30,0.008905534,0.018858168,0.020751514
2018/10/1,7.63E-03,2.08E-02,2.16E-02
2018/10/2,7.51E-03,2.29E-02,2.24E-02
2018/10/3,9.00E-03,2.13E-02,2.32E-02
2018/10/4,1.16E-02,2.05E-02,2.41E-02
2018/10/5,1.48E-02,2.13E-02,2.49E-02
2018/10/6,1.82E-02,1.99E-02,2.57E-02
2018/10/7,2.18E-02,1.86E-02,2.66E-02
2018/10/8,2.55E-02,1.75E-02,2.74E-02
2018/10/9,2.93E-02,1.66E-02,2.83E-02
2018/10/10,1.88E-02,1.60E-02,3.42E-02
2018/10/11,1.27E-02,1.97E-02,2.97E-02
2018/10/12,3.55E-02,2.20E-02,2.96E-02
2018/10/13,2.31E-02,2.07E-02,2.41E-02
2018/10/14,1.52E-02,1.95E-02,1.96E-02
2018/10/15,0.011599314,0.018475517,0.016476671
2018/10/16,1.30E-02,1.75E-02,1.55E-02
2018/10/17,1.10E-02,1.68E-02,1.85E-02
2018/10/18,9.40E-03,1.91E-02,1.59E-02
2018/10/19,0.020557206,0.018903163,0.015195188
2018/10/20,2.12E-02,1.84E-02,1.49E-02
2018/10/21,2.39E-02,1.78E-02,1.45E-02
2018/10/22,2.74E-02,1.70E-02,1.50E-02
2018/10/23,3.11E-02,1.62E-02,1.64E-02
2018/10/24,2.46E-02,2.45E-02,1.55E-02
2018/10/25,1.61E-02,2.26E-02,2.68E-02
2018/10/26,1.12E-02,2.10E-02,2.00E-02
2018/10/27,8.77E-03,1.97E-02,1.66E-02
2018/10/28,9.34E-03,1.84E-02,1.52E-02
2018/10/29,1.25E-02,1.76E-02,1.50E-02
2018/10/30,1.69E-02,1.75E-02,1.52E-02
2018/10/31,1.33E-02,1.71E-02,1.48E-02
2018/11/1,1.30E-02,1.81E-02,1.53E-02
2018/11/2,9.60E-03,2.03E-02,1.84E-02
2018/11/3,1.87E-02,1.97E-02,2.76E-02
2018/11/4,1.64E-02,1.90E-02,2.67E-02
2018/11/5,1.20E-02,1.82E-02,2.34E-02
2018/11/6,9.45E-03,1.74E-02,1.97E-02
2018/11/7,7.99E-03,1.86E-02,1.64E-02
2018/11/8,8.42E-03,1.79E-02,2.40E-02
2018/11/9,7.52E-03,1.79E-02,1.85E-02
2018/11/10,1.14E-02,1.78E-02,1.89E-02
2018/11/11,9.40E-03,1.80E-02,1.75E-02
2018/11/12,8.12E-03,1.87E-02,1.59E-02
2018/11/13,1.06E-02,1.97E-02,1.49E-02
2018/11/14,1.02E-02,3.63E-02,1.76E-02
2018/11/15,9.87E-03,3.30E-02,3.74E-02
2018/11/16,1.18E-02,3.04E-02,3.24E-02
2018/11/17,9.35E-03,2.81E-02,2.34E-02
2018/11/18,8.62E-03,2.61E-02,1.86E-02
2018/11/19,8.85E-03,2.45E-02,1.62E-02
2018/11/20,9.54E-03,2.31E-02,1.50E-02
2018/11/21,1.59E-02,3.43E-02,1.50E-02
2018/11/22,1.12E-02,3.25E-02,3.18E-02
2018/11/23,8.78E-03,3.02E-02,2.58E-02
2018/11/24,1.78E-02,2.77E-02,2.86E-02
2018/11/25,1.64E-02,2.55E-02,3.27E-02
2018/11/26,1.28E-02,2.41E-02,3.73E-02
2018/11/27,9.54E-03,2.42E-02,4.21E-02
2018/11/28,7.90E-03,2.27E-02,2.79E-02
2018/11/29,9.80E-03,2.32E-02,2.17E-02
2018/11/30,1.17E-02,2.28E-02,2.81E-02
2018/12/1,1.03E-02,2.19E-02,2.03E-02
2018/12/2,1.21E-02,2.05E-02,1.94E-02
2018/12/3,1.55E-02,2.13E-02,2.45E-02
2018/12/4,1.95E-02,2.61E-02,3.26E-02
2018/12/5,1.34E-02,2.42E-02,3.34E-02
2018/12/6,1.05E-02,2.25E-02,2.36E-02
2018/12/7,1.37E-02,2.27E-02,2.08E-02
2018/12/8,9.92E-03,2.16E-02,3.13E-02
2018/12/9,8.23E-03,2.02E-02,2.38E-02
2018/12/10,8.08E-03,2.03E-02,1.97E-02
2018/12/11,8.95E-03,2.35E-02,2.95E-02
2018/12/12,7.98E-03,2.25E-02,2.72E-02
2018/12/13,7.48E-03,2.12E-02,2.05E-02
2018/12/14,1.05E-02,2.50E-02,1.69E-02
2018/12/15,1.29E-02,2.55E-02,1.61E-02
2018/12/16,1.14E-02,2.63E-02,1.59E-02
2018/12/17,9.13E-03,2.73E-02,1.60E-02
2018/12/18,7.78E-03,2.85E-02,1.62E-02
2018/12/19,8.86E-03,4.11E-02,2.85E-02
2018/12/20,1.01E-02,3.79E-02,3.09E-02
2018/12/21,8.83E-03,3.81E-02,2.72E-02
2018/12/22,9.11E-03,3.48E-02,2.70E-02
2018/12/23,8.08E-03,3.36E-02,2.57E-02
2018/12/24,7.25E-03,3.58E-02,2.42E-02
2018/12/25,7.43E-03,4.14E-02,2.26E-02
2018/12/26,8.97E-03,3.81E-02,5.04E-02
2018/12/27,7.82E-03,5.18E-02,4.03E-02
2018/12/28,8.14E-03,4.73E-02,5.63E-02
2018/12/29,7.79E-03,4.30E-02,3.72E-02
2018/12/30,0.00716904,0.039243635,0.025751428
2018/12/31,7.00E-03,3.59E-02,1.92E-02
2019/1/1,0.007577382,0.032906089,0.016485396
2019/1/2,8.84E-03,3.06E-02,1.70E-02
2019/1/3,0.010564884,0.029160542,0.019800989
2019/1/4,0.008372478,0.026818264,0.025545503
2019/1/5,0.014898989,0.026757045,0.030758199
2019/1/6,0.014660157,0.026259647,0.03220477
2019/1/7,0.012785803,0.025446688,0.032513713
2019/1/8,0.010525089,0.02440926,0.032438468
2019/1/9,0.008515896,0.024876604,0.022442007
2019/1/10,0.008692922,0.029937319,0.021269759
2019/1/11,0.007864914,0.027385931,0.0229319
2019/1/12,0.008565336,0.026047541,0.019299794
2019/1/13,0.007633276,0.024873727,0.016250141
2019/1/14,7.22E-03,2.38E-02,1.66E-02
2019/1/15,0.008255227,0.022932018,0.020794563
2019/1/16,0.011329551,0.024302116,0.017755355
2019/1/17,0.00873749,0.022504951,0.019049486
2019/1/18,0.007996943,0.020924575,0.019004895
2019/1/19,0.011538205,0.024510258,0.022641228
2019/1/20,0.011391946,0.024414587,0.025273196
2019/1/21,1.03E-02,2.28E-02,2.77E-02
2019/1/22,0.008969211,0.021262749,0.030014618
2019/1/23,0.010755727,0.021293558,0.021323146
2019/1/24,0.008466143,0.020316918,0.01953979
2019/1/25,0.007871342,0.019468425,0.016898395
2019/1/26,0.007577509,0.018537407,0.015635606
2019/1/27,0.00715623,0.01756596,0.014810294
2019/1/28,0.006877615,0.018023175,0.015178098
2019/1/29,0.00686885,0.020821442,0.016872134
2019/1/30,0.006799442,0.021700142,0.020895958
2019/1/31,0.008166025,0.021321645,0.020287734
2019/2/1,0.007620877,0.019920009,0.019710793
2019/2/2,0.010864629,0.022076551,0.020494951
2019/2/3,1.19E-02,2.16E-02,2.02E-02
2019/2/4,1.23E-02,2.02E-02,1.95E-02
2019/2/5,0.012440183,0.019148442,0.018748125
2019/2/6,0.012528241,0.019024082,0.017985667
2019/2/7,0.012586556,0.017972113,0.017261735
2019/2/8,0.012633786,0.0199271,0.016595644
2019/2/9,0.012676893,0.01866446,0.01599983
2019/2/10,1.27E-02,1.76E-02,1.55E-02
2019/2/11,0.012759535,0.016690073,0.015057988
2019/2/12,0.012800419,0.016028091,0.014728889
2019/2/13,0.01040599,0.016915845,0.014489254
2019/2/14,1.43E-02,1.73E-02,1.57E-02
2019/2/15,0.010247004,0.016975605,0.019493513
2019/2/16,0.012051765,0.020866728,0.021008003
2019/2/17,9.10E-03,2.26E-02,2.28E-02
2019/2/18,0.011334266,0.023065633,0.024750096
2019/2/19,1.90E-02,2.28E-02,2.68E-02
2019/2/20,1.28E-02,2.20E-02,2.61E-02
2019/2/21,9.57E-03,2.12E-02,1.98E-02
2019/2/22,8.20E-03,1.99E-02,1.64E-02
2019/2/23,1.41E-02,1.86E-02,1.51E-02
2019/2/24,0.022079473,0.017937503,0.01485714
2019/2/25,3.08E-02,1.89E-02,1.55E-02
2019/2/26,3.99E-02,2.19E-02,1.69E-02
2019/2/27,2.54E-02,2.07E-02,3.55E-02
2019/2/28,1.67E-02,2.21E-02,2.43E-02
2019/3/1,0.011860307,0.020654906,0.019154932
2019/3/2,1.45E-02,2.19E-02,2.01E-02
2019/3/3,1.44E-02,2.10E-02,1.72E-02
2019/3/4,1.34E-02,1.96E-02,1.57E-02
2019/3/5,1.21E-02,1.90E-02,1.84E-02
2019/3/6,0.010691207,0.017969244,0.017511104
2019/3/7,0.01301675,0.017183413,0.015532275
2019/3/8,0.00962265,0.016363657,0.017314477
2019/3/9,0.029758284,0.016227611,0.015879508
2019/3/10,2.43E-02,1.56E-02,1.51E-02
2019/3/11,1.59E-02,1.51E-02,1.47E-02
2019/3/12,1.64E-02,1.54E-02,1.45E-02
2019/3/13,1.34E-02,1.49E-02,2.38E-02
2019/3/14,1.20E-02,1.78E-02,1.83E-02
2019/3/15,1.19E-02,1.69E-02,2.03E-02
2019/3/16,1.12E-02,1.61E-02,1.83E-02
2019/3/17,1.29E-02,1.55E-02,1.67E-02
2019/3/18,0.015783247,0.01508226,0.015516264
2019/3/19,1.91E-02,1.49E-02,1.48E-02
2019/3/20,1.29E-02,1.44E-02,3.25E-02
2019/3/21,9.52E-03,1.48E-02,2.27E-02
2019/3/22,8.19E-03,1.45E-02,2.19E-02
2019/3/23,7.32E-03,1.56E-02,1.75E-02
2019/3/24,7.94E-03,1.56E-02,1.60E-02
2019/3/25,0.010964786,0.015123342,0.017768262
2019/3/26,1.53E-02,1.46E-02,2.21E-02
2019/3/27,1.45E-02,1.64E-02,1.80E-02
2019/3/28,1.17E-02,1.61E-02,1.77E-02
2019/3/29,1.07E-02,1.54E-02,1.77E-02
2019/3/30,2.18E-02,1.60E-02,1.57E-02
2019/3/31,2.37E-02,1.71E-02,1.57E-02
2019/4/1,2.34E-02,1.87E-02,1.72E-02
2019/4/2,0.022286439,0.020683897,0.019787651
2019/4/3,1.47E-02,2.04E-02,2.30E-02
2019/4/4,1.31E-02,1.91E-02,1.98E-02
2019/4/5,1.13E-02,1.80E-02,1.68E-02
2019/4/6,9.78E-03,1.86E-02,1.52E-02
2019/4/7,8.48E-03,1.92E-02,1.49E-02
2019/4/8,0.007525951,0.019902671,0.015773352
2019/4/9,7.03E-03,2.06E-02,1.75E-02
2019/4/10,6.90E-03,1.93E-02,1.55E-02
2019/4/11,6.79E-03,1.84E-02,1.54E-02
2019/4/12,1.23E-02,1.82E-02,1.60E-02
2019/4/13,9.23E-03,1.72E-02,1.61E-02
2019/4/14,7.80E-03,1.63E-02,1.62E-02
2019/4/15,7.30E-03,1.56E-02,1.63E-02
2019/4/16,7.27E-03,1.51E-02,1.65E-02
2019/4/17,1.66E-02,1.57E-02,1.91E-02
2019/4/18,1.16E-02,1.52E-02,1.71E-02
2019/4/19,0.009227081,0.014771302,0.016963006
2019/4/20,8.74E-03,1.48E-02,1.55E-02
2019/4/21,7.60E-03,1.55E-02,1.74E-02
2019/4/22,9.24E-03,1.70E-02,2.22E-02
2019/4/23,1.34E-02,1.90E-02,2.84E-02
2019/4/24,1.03E-02,1.83E-02,2.65E-02
2019/4/25,8.28E-03,1.75E-02,2.01E-02
2019/4/26,1.73E-02,1.73E-02,1.99E-02
2019/4/27,1.41E-02,2.21E-02,1.69E-02
2019/4/28,1.22E-02,2.25E-02,1.92E-02
2019/4/29,1.09E-02,2.12E-02,2.56E-02
2019/4/30,9.86E-03,1.99E-02,3.39E-02
2019/5/1,8.69E-03,1.86E-02,2.33E-02
2019/5/2,8.23E-03,1.76E-02,1.80E-02
2019/5/3,1.24E-02,2.12E-02,1.64E-02
2019/5/4,1.91E-02,1.97E-02,1.71E-02
2019/5/5,2.66E-02,1.86E-02,1.92E-02
2019/5/6,3.46E-02,1.77E-02,2.22E-02
2019/5/7,4.27E-02,1.72E-02,2.55E-02
2019/5/8,2.71E-02,1.71E-02,2.72E-02
2019/5/9,0.018844209,0.016724112,0.019816309
2019/5/10,1.59E-02,1.63E-02,1.68E-02
2019/5/11,2.24E-02,1.55E-02,1.71E-02
2019/5/12,1.80E-02,1.50E-02,1.86E-02
2019/5/13,1.23E-02,1.49E-02,2.07E-02
2019/5/14,1.21E-02,1.54E-02,2.31E-02
2019/5/15,1.01E-02,1.49E-02,1.94E-02
2019/5/16,1.46E-02,1.46E-02,1.64E-02
2019/5/17,1.10E-02,1.59E-02,1.69E-02
2019/5/18,1.82E-02,1.52E-02,1.82E-02
2019/5/19,1.69E-02,1.47E-02,1.90E-02
2019/5/20,1.36E-02,1.43E-02,1.96E-02
2019/5/21,1.02E-02,1.41E-02,2.01E-02
2019/5/22,1.13E-02,1.38E-02,1.74E-02
2019/5/23,9.29E-03,1.78E-02,1.65E-02
2019/5/24,1.17E-02,2.70E-02,2.37E-02
2019/5/25,8.91E-03,2.60E-02,3.97E-02
2019/5/26,8.17E-03,2.48E-02,3.61E-02
2019/5/27,9.36E-03,2.35E-02,2.83E-02
2019/5/28,1.17E-02,2.21E-02,2.07E-02
2019/5/29,9.73E-03,2.08E-02,1.91E-02
2019/5/30,8.05E-03,1.94E-02,1.63E-02
2019/5/31,7.50E-03,2.45E-02,1.50E-02
2019/6/1,7.18E-03,3.22E-02,3.73E-02
2019/6/2,7.09E-03,3.39E-02,4.61E-02
2019/6/3,7.08E-03,3.28E-02,5.23E-02
2019/6/4,7.11E-03,3.03E-02,5.79E-02
2019/6/5,9.22E-03,2.78E-02,4.43E-02
2019/6/6,7.75E-03,2.88E-02,2.89E-02
2019/6/7,1.04E-02,2.89E-02,2.52E-02
2019/6/8,9.32E-03,2.87E-02,1.92E-02
2019/6/9,7.86E-03,2.69E-02,1.76E-02
2019/6/10,7.50E-03,2.48E-02,2.33E-02
2019/6/11,8.89E-03,2.32E-02,3.32E-02
2019/6/12,0.017942354,0.021586966,0.023364854
2019/6/13,1.27E-02,2.60E-02,2.14E-02
2019/6/14,9.44E-03,2.54E-02,1.72E-02
2019/6/15,1.01E-02,2.34E-02,1.65E-02
2019/6/16,8.99E-03,2.17E-02,1.56E-02
2019/6/17,7.75E-03,2.03E-02,1.49E-02
2019/6/18,7.22E-03,1.95E-02,1.45E-02
2019/6/19,6.93E-03,2.46E-02,3.38E-02
2019/6/20,9.11E-03,2.28E-02,2.45E-02
2019/6/21,1.68E-02,3.18E-02,2.23E-02
2019/6/22,1.20E-02,2.93E-02,2.81E-02
2019/6/23,9.44E-03,2.70E-02,2.81E-02
2019/6/24,8.08E-03,2.49E-02,2.65E-02
2019/6/25,7.37E-03,2.31E-02,2.43E-02
2019/6/26,8.91E-03,2.23E-02,2.00E-02
2019/6/27,7.71E-03,2.28E-02,2.16E-02
2019/6/28,8.34E-03,2.11E-02,1.78E-02
2019/6/29,8.30E-03,2.14E-02,1.93E-02
2019/6/30,7.64E-03,2.03E-02,1.72E-02
2019/7/1,1.07E-02,1.90E-02,1.54E-02
2019/7/2,1.63E-02,1.85E-02,1.56E-02
2019/7/3,1.13E-02,2.57E-02,1.54E-02
2019/7/4,1.06E-02,2.50E-02,2.76E-02
2019/7/5,8.66E-03,2.34E-02,2.02E-02
2019/7/6,7.60E-03,2.18E-02,1.67E-02
2019/7/7,8.50E-03,2.04E-02,1.65E-02
2019/7/8,1.30E-02,1.91E-02,1.90E-02
2019/7/9,1.92E-02,1.80E-02,2.29E-02
2019/7/10,1.30E-02,1.76E-02,1.86E-02
2019/7/11,9.97E-03,2.38E-02,1.60E-02
2019/7/12,8.11E-03,2.20E-02,3.41E-02
2019/7/13,7.78E-03,2.05E-02,2.40E-02
2019/7/14,7.62E-03,1.92E-02,1.84E-02
2019/7/15,7.53E-03,1.84E-02,1.60E-02
2019/7/16,7.47E-03,1.83E-02,1.59E-02
2019/7/17,7.07E-03,2.24E-02,1.57E-02
2019/7/18,6.96E-03,2.20E-02,3.05E-02
2019/7/19,9.53E-03,2.20E-02,3.12E-02
2019/7/20,9.36E-03,2.07E-02,2.60E-02
2019/7/21,7.84E-03,1.96E-02,2.03E-02
2019/7/22,8.08E-03,1.86E-02,1.67E-02
2019/7/23,1.09E-02,1.79E-02,1.79E-02
2019/7/24,9.01E-03,1.82E-02,1.97E-02
2019/7/25,9.20E-03,1.83E-02,1.95E-02
2019/7/26,8.33E-03,1.72E-02,1.74E-02
2019/7/27,7.52E-03,1.64E-02,1.61E-02
2019/7/28,7.07E-03,1.59E-02,1.50E-02
2019/7/29,6.84E-03,1.58E-02,1.47E-02
2019/7/30,6.80E-03,1.63E-02,1.53E-02
2019/7/31,7.17E-03,1.87E-02,1.52E-02
2019/8/1,8.12E-03,1.77E-02,1.70E-02
2019/8/2,8.93E-03,3.27E-02,1.55E-02
2019/8/3,1.18E-02,3.12E-02,2.88E-02
2019/8/4,1.31E-02,2.89E-02,2.59E-02
2019/8/5,1.38E-02,2.64E-02,2.03E-02
2019/8/6,1.44E-02,2.48E-02,1.68E-02
2019/8/7,1.44E-02,2.46E-02,1.59E-02
2019/8/8,1.05E-02,2.48E-02,2.22E-02
2019/8/9,1.02E-02,2.70E-02,2.39E-02
2019/8/10,9.38E-03,2.81E-02,1.95E-02
2019/8/11,7.82E-03,2.75E-02,1.87E-02
2019/8/12,8.50E-03,2.59E-02,1.96E-02
2019/8/13,1.18E-02,2.39E-02,2.13E-02
2019/8/14,9.84E-03,2.57E-02,1.72E-02
2019/8/15,8.46E-03,2.81E-02,2.45E-02
2019/8/16,7.58E-03,2.61E-02,2.11E-02
2019/8/17,0.007274659,0.024162279,0.017886267
2019/8/18,0.008923225,0.022888616,0.019235025
2019/8/19,1.21E-02,2.24E-02,2.34E-02
2019/8/20,1.61E-02,2.29E-02,2.89E-02
2019/8/21,1.12E-02,2.12E-02,2.33E-02
2019/8/22,8.69E-03,1.99E-02,1.81E-02
2019/8/23,7.54E-03,1.87E-02,1.64E-02
2019/8/24,7.68E-03,2.03E-02,1.52E-02
2019/8/25,7.10E-03,2.04E-02,1.50E-02
2019/8/26,7.92E-03,1.98E-02,1.52E-02
2019/8/27,1.04E-02,1.87E-02,1.56E-02
2019/8/28,0.011904534,0.023390048,0.014856389
2019/8/29,0.009209945,0.02278728,0.015673897
2019/8/30,7.77E-03,2.20E-02,1.88E-02
2019/8/31,0.007197769,0.023182397,0.020665401
2019/9/1,0.007201516,0.02384855,0.018123005
2019/9/2,0.008636153,0.024116895,0.01577039
2019/9/3,1.12E-02,2.41E-02,1.60E-02
2019/9/4,0.008770303,0.023844233,0.016010892
2019/9/5,0.009585407,0.026784566,0.014942435
2019/9/6,0.009996528,0.024624186,0.027897305
2019/9/7,8.61E-03,2.29E-02,2.15E-02
2019/9/8,0.008357806,0.022000967,0.018707971
2019/9/9,0.008648739,0.022060168,0.017500933
2019/9/10,0.009194016,0.023209424,0.016955485
2019/9/11,0.007771738,0.021495901,0.02572275
2019/9/12,0.007591724,0.022377661,0.022602838
2019/9/13,0.008494745,0.021264534,0.027386276
2019/9/14,8.22E-03,1.99E-02,2.05E-02
2019/9/15,0.007671675,0.024550157,0.020093496
2019/9/16,0.00716976,0.040798171,0.031742713
2019/9/17,0.00688351,0.063711074,0.048389072
2019/9/18,1.31E-02,6.31E-02,3.80E-02
2019/9/19,9.74E-03,5.74E-02,3.16E-02
2019/9/20,8.50E-03,5.19E-02,3.09E-02
2019/9/21,7.58E-03,4.69E-02,2.17E-02
2019/9/22,7.13E-03,4.25E-02,1.73E-02
2019/9/23,7.79E-03,3.85E-02,1.56E-02
2019/9/24,9.49E-03,3.51E-02,1.52E-02
2019/9/25,8.07E-03,3.43E-02,1.59E-02
2019/9/26,9.68E-03,3.16E-02,2.26E-02
2019/9/27,0.009796088,0.028835147,0.021016197
2019/9/28,8.04E-03,2.65E-02,1.70E-02
2019/9/29,7.39E-03,2.49E-02,1.54E-02
2019/9/30,7.90E-03,2.45E-02,1.48E-02
2019/10/1,9.29E-03,2.56E-02,1.47E-02
2019/10/2,9.21E-03,2.36E-02,1.48E-02
2019/10/3,8.70E-03,2.37E-02,1.52E-02
2019/10/4,8.09E-03,2.40E-02,1.57E-02
2019/10/5,7.54E-03,2.26E-02,1.64E-02
2019/10/6,7.11E-03,2.12E-02,1.72E-02
2019/10/7,6.86E-03,1.98E-02,1.81E-02
2019/10/8,6.82E-03,1.85E-02,1.91E-02
2019/10/9,6.99E-03,1.75E-02,2.01E-02
2019/10/10,7.25E-03,1.66E-02,2.50E-02
2019/10/11,8.51E-03,1.86E-02,2.03E-02
2019/10/12,0.009303583,0.020249706,0.027747011
2019/10/13,9.93E-03,1.93E-02,3.02E-02
2019/10/14,1.05E-02,1.83E-02,3.13E-02
2019/10/15,1.11E-02,1.95E-02,3.20E-02
2019/10/16,9.33E-03,1.90E-02,2.50E-02
2019/10/17,8.23E-03,1.79E-02,1.99E-02
2019/10/18,7.32E-03,1.78E-02,3.53E-02
2019/10/19,1.09E-02,1.68E-02,2.45E-02
2019/10/20,1.02E-02,1.61E-02,1.93E-02
2019/10/21,8.59E-03,1.54E-02,1.71E-02
2019/10/22,7.48E-03,1.49E-02,1.62E-02
2019/10/23,7.70E-03,1.56E-02,1.62E-02
2019/10/24,7.61E-03,1.82E-02,1.51E-02
2019/10/25,7.06E-03,1.72E-02,1.57E-02
2019/10/26,7.48E-03,1.66E-02,1.75E-02
2019/10/27,7.98E-03,1.58E-02,1.75E-02
2019/10/28,8.56E-03,1.55E-02,1.69E-02
2019/10/29,9.21E-03,1.63E-02,1.63E-02
2019/10/30,9.53E-03,1.57E-02,1.51E-02
2019/10/31,8.52E-03,1.58E-02,1.57E-02
2019/11/1,7.77E-03,1.65E-02,1.65E-02
2019/11/2,9.52E-03,2.19E-02,1.99E-02
2019/11/3,9.58E-03,2.31E-02,1.74E-02
2019/11/4,9.14E-03,2.24E-02,1.56E-02
2019/11/5,8.56E-03,2.09E-02,1.72E-02
2019/11/6,8.21E-03,2.02E-02,2.11E-02
2019/11/7,7.82E-03,1.98E-02,1.70E-02
2019/11/8,7.14E-03,1.92E-02,1.76E-02
2019/11/9,7.55E-03,1.82E-02,1.82E-02
2019/11/10,9.25E-03,1.72E-02,1.78E-02
2019/11/11,1.18E-02,1.63E-02,1.71E-02
2019/11/12,1.48E-02,1.58E-02,1.64E-02
2019/11/13,1.06E-02,1.51E-02,1.69E-02
2019/11/14,8.63E-03,1.52E-02,1.73E-02
2019/11/15,7.56E-03,1.47E-02,1.55E-02
2019/11/16,8.13E-03,1.64E-02,1.55E-02
2019/11/17,7.41E-03,1.61E-02,1.50E-02
2019/11/18,7.09E-03,1.54E-02,1.46E-02
2019/11/19,7.90E-03,1.59E-02,1.45E-02
2019/11/20,8.99E-03,1.98E-02,1.45E-02
2019/11/21,9.14E-03,2.25E-02,2.01E-02
2019/11/22,7.88E-03,2.28E-02,1.81E-02
2019/11/23,8.23E-03,2.16E-02,2.16E-02
2019/11/24,7.41E-03,2.03E-02,2.17E-02
2019/11/25,7.19E-03,1.90E-02,2.07E-02
2019/11/26,8.28E-03,1.79E-02,1.95E-02
2019/11/27,0.007341208,0.017050311,0.016395728
2019/11/28,0.00700214,0.016306376,0.015397484
2019/11/29,0.007437928,0.018635166,0.014746225
2019/11/30,0.008014675,0.025583658,0.014618725
2019/12/1,0.007592152,0.025765306,0.014923428
2019/12/2,0.007090094,0.023827512,0.017464305
2019/12/3,6.90E-03,2.28E-02,2.20E-02
2019/12/4,0.007060008,0.021322847,0.019280606
2019/12/5,0.006993518,0.025584327,0.016977907
2019/12/6,0.008286997,0.023575656,0.018781184
2019/12/7,0.007839728,0.022254177,0.016459522
2019/12/8,0.007431253,0.020791615,0.016763618
2019/12/9,0.007102324,0.019401998,0.018669588
2019/12/10,6.88E-03,1.83E-02,2.15E-02
2019/12/11,6.80E-03,1.73E-02,1.98E-02
2019/12/12,6.92E-03,1.67E-02,1.65E-02
2019/12/13,7.05E-03,1.62E-02,1.51E-02
2019/12/14,0.013183807,0.015995539,0.014928874
2019/12/15,0.013012611,0.015611039,0.015100253
2019/12/16,0.011382179,0.015123366,0.015462485
2019/12/17,0.009467649,0.014613142,0.015946343
2019/12/18,0.011270835,0.014324112,0.014939842
2019/12/19,0.008782621,0.01394426,0.014681636
2019/12/20,0.007553725,0.013684148,0.015385272
2019/12/21,0.007490339,0.014429522,0.015571315
2019/12/22,8.45E-03,1.44E-02,1.49E-02
2019/12/23,1.01E-02,1.40E-02,1.46E-02
2019/12/24,1.22E-02,1.37E-02,1.49E-02
2019/12/25,1.01E-02,1.40E-02,1.48E-02
2019/12/26,0.008150962,0.014269559,0.01639014
2019/12/27,9.08E-03,1.45E-02,1.52E-02
2019/12/28,7.70E-03,1.41E-02,1.65E-02
2019/12/29,7.41E-03,1.37E-02,1.64E-02
2019/12/30,8.45E-03,1.34E-02,1.59E-02
2019/12/31,1.05E-02,1.32E-02,1.54E-02
2020/1/1,8.58E-03,1.33E-02,1.73E-02
2020/1/2,8.83E-03,1.35E-02,1.76E-02
2020/1/3,1.05E-02,1.36E-02,1.74E-02
2020/1/4,8.35E-03,1.81E-02,2.95E-02
2020/1/5,0.007370171,0.020730396,0.034217094
2020/1/6,0.006963605,0.022409561,0.037139574
2020/1/7,0.00680306,0.02345871,0.039540015
2020/1/8,0.008056296,0.022022926,0.026789355
2020/1/9,1.07E-02,2.69E-02,1.97E-02
2020/1/10,0.01022222,0.024710424,0.039311091
2020/1/11,8.22E-03,2.30E-02,3.18E-02
2020/1/12,7.42E-03,2.17E-02,2.58E-02
2020/1/13,7.60E-03,2.09E-02,2.08E-02
2020/1/14,8.53E-03,2.05E-02,1.72E-02
2020/1/15,7.66E-03,1.92E-02,2.34E-02
2020/1/16,7.88E-03,1.80E-02,2.06E-02
2020/1/17,7.89E-03,1.79E-02,1.74E-02
2020/1/18,7.18E-03,1.70E-02,1.57E-02
2020/1/19,7.07E-03,1.62E-02,1.49E-02
2020/1/20,7.43E-03,1.55E-02,1.46E-02
2020/1/21,8.15E-03,1.49E-02,1.45E-02
2020/1/22,1.16E-02,1.46E-02,1.62E-02
2020/1/23,9.06E-03,2.12E-02,1.61E-02
2020/1/24,1.94E-02,3.03E-02,2.52E-02
2020/1/25,2.46E-02,3.23E-02,3.01E-02
2020/1/26,2.87E-02,3.12E-02,3.39E-02
2020/1/27,3.26E-02,2.88E-02,3.76E-02
2020/1/28,3.64E-02,2.65E-02,4.12E-02
2020/1/29,0.040231217,0.025859352,0.04480603
2020/1/30,0.044027281,0.023995276,0.048454666
2020/1/31,0.047830017,0.022363504,0.052128488
2020/2/1,5.16E-02,2.11E-02,5.58E-02
2020/2/2,0.05545516,0.020871534,0.059537812
2020/2/3,0.059275776,0.021838479,0.063266736
2020/2/4,0.063100591,0.024040769,0.067008341
2020/2/5,4.00E-02,2.28E-02,5.07E-02
2020/2/6,2.63E-02,2.47E-02,3.23E-02
2020/2/7,2.02E-02,2.29E-02,2.75E-02
2020/2/8,1.36E-02,2.18E-02,2.05E-02
2020/2/9,1.02E-02,2.09E-02,1.77E-02
2020/2/10,8.68E-03,2.01E-02,1.70E-02
2020/2/11,8.17E-03,1.96E-02,1.73E-02
2020/2/12,7.69E-03,1.86E-02,1.56E-02
2020/2/13,8.99E-03,2.25E-02,1.71E-02
2020/2/14,0.008899324,0.02105772,0.017147279
2020/2/15,7.97E-03,2.07E-02,1.54E-02
2020/2/16,9.64E-03,2.01E-02,1.49E-02
2020/2/17,1.31E-02,1.93E-02,1.49E-02
2020/2/18,0.017321341,0.018430546,0.015146667
2020/2/19,0.011876691,0.017538595,0.015847702
2020/2/20,9.24E-03,2.00E-02,1.76E-02
2020/2/21,1.40E-02,1.88E-02,2.06E-02
2020/2/22,1.03E-02,1.80E-02,1.81E-02
2020/2/23,8.27E-03,1.85E-02,2.07E-02
2020/2/24,7.35E-03,2.07E-02,2.62E-02
2020/2/25,7.18E-03,2.47E-02,3.29E-02
2020/2/26,7.88E-03,2.58E-02,2.29E-02
2020/2/27,8.94E-03,3.22E-02,3.12E-02
2020/2/28,7.66E-03,3.54E-02,3.89E-02
2020/2/29,2.51E-02,3.58E-02,3.89E-02
2020/3/1,1.89E-02,3.26E-02,3.07E-02
2020/3/2,1.37E-02,3.18E-02,2.19E-02
2020/3/3,2.21E-02,3.82E-02,1.94E-02
2020/3/4,1.53E-02,3.48E-02,2.81E-02
2020/3/5,1.15E-02,3.17E-02,2.22E-02
2020/3/6,1.54E-02,2.97E-02,1.78E-02
2020/3/7,1.33E-02,4.67E-02,3.41E-02
2020/3/8,1.52E-02,7.43E-02,4.10E-02
2020/3/9,1.89E-02,1.08E-01,4.59E-02
2020/3/10,2.33E-02,1.45E-01,5.03E-02
2020/3/11,1.91E-02,1.38E-01,6.90E-02
2020/3/12,1.42E-02,1.25E-01,8.35E-02
2020/3/13,1.41E-02,1.15E-01,7.58E-02
2020/3/14,1.29E-02,1.05E-01,4.81E-02
2020/3/15,1.58E-02,9.43E-02,3.08E-02
2020/3/16,2.06E-02,8.70E-02,2.76E-02
2020/3/17,2.60E-02,8.72E-02,3.77E-02
2020/3/18,1.69E-02,8.28E-02,3.59E-02
2020/3/19,1.66E-02,1.16E-01,3.64E-02
2020/3/20,1.31E-02,1.47E-01,3.46E-02
2020/3/21,1.40E-02,1.47E-01,7.15E-02
2020/3/22,1.01E-02,1.41E-01,6.43E-02
2020/3/23,1.29E-02,1.32E-01,4.77E-02
2020/3/24,2.23E-02,1.20E-01,3.11E-02
2020/3/25,2.08E-02,1.09E-01,6.09E-02
2020/3/26,1.95E-02,9.81E-02,4.21E-02
2020/3/27,1.36E-02,9.07E-02,3.09E-02
2020/3/28,1.00E-02,8.27E-02,2.75E-02
2020/3/29,8.16E-03,7.62E-02,2.58E-02
2020/3/30,7.99E-03,7.14E-02,2.47E-02
2020/3/31,9.24E-03,6.83E-02,2.38E-02
2020/4/1,7.79E-03,6.69E-02,4.82E-02
2020/4/2,8.02E-03,6.19E-02,3.12E-02
2020/4/3,1.29E-02,1.04E-01,7.10E-02
2020/4/4,1.03E-02,1.10E-01,4.69E-02
2020/4/5,8.23E-03,1.03E-01,3.64E-02
2020/4/6,8.63E-03,9.29E-02,3.40E-02
2020/4/7,1.15E-02,8.84E-02,3.56E-02
2020/4/8,1.57E-02,8.43E-02,3.86E-02
2020/4/9,1.11E-02,7.58E-02,2.65E-02
2020/4/10,8.93E-03,7.47E-02,2.89E-02
2020/4/11,1.01E-02,7.15E-02,3.09E-02
2020/4/12,9.82E-03,6.69E-02,2.98E-02
2020/4/13,9.09E-03,6.15E-02,2.77E-02
2020/4/14,8.29E-03,5.58E-02,2.52E-02
2020/4/15,1.25E-02,5.78E-02,3.64E-02
2020/4/16,9.99E-03,5.22E-02,3.29E-02
2020/4/17,8.34E-03,4.72E-02,4.57E-02
2020/4/18,8.47E-03,1.15E-01,4.44E-02
2020/4/19,8.35E-03,1.15E-01,4.19E-02
2020/4/20,8.16E-03,1.03E-01,3.90E-02
2020/4/21,0.007937047,0.111302883,0.035962932
2020/4/22,9.20E-03,1.75E-01,4.04E-02
2020/4/23,0.008629538,0.182465849,0.073042678
2020/4/24,0.007587499,0.186979977,0.066562021
2020/4/25,9.78E-03,1.69E-01,5.15E-02
2020/4/26,0.008938671,0.152827063,0.032947668
2020/4/27,0.007716815,0.148952825,0.031624643
2020/4/28,0.007275697,0.164167053,0.053286708
2020/4/29,0.007034778,0.171213888,0.053023816
2020/4/30,0.007386845,0.18234092,0.060104617
2020/5/1,1.10E-02,1.96E-01,4.36E-02
2020/5/2,0.011519076,0.176771673,0.03733241
2020/5/3,1.13E-02,1.60E-01,3.63E-02
2020/5/4,1.07E-02,1.46E-01,3.74E-02
2020/5/5,1.01E-02,1.34E-01,3.93E-02
2020/5/6,9.42E-03,1.64E-01,4.15E-02
2020/5/7,0.008807341,0.147755535,0.043844584
2020/5/8,0.007705781,0.133438938,0.028822536
2020/5/9,8.84E-03,1.21E-01,2.16E-02
2020/5/10,0.008337488,0.109455331,0.017231283
2020/5/11,7.55E-03,9.84E-02,1.63E-02
2020/5/12,7.04E-03,8.92E-02,1.88E-02
2020/5/13,6.87E-03,8.12E-02,2.20E-02
2020/5/14,6.92E-03,7.33E-02,2.20E-02
2020/5/15,9.14E-03,7.52E-02,2.62E-02
2020/5/16,7.72E-03,7.30E-02,3.94E-02
2020/5/17,7.11E-03,7.28E-02,4.30E-02
2020/5/18,6.92E-03,7.43E-02,4.41E-02
2020/5/19,6.96E-03,7.73E-02,4.45E-02
2020/5/20,8.51E-03,6.96E-02,3.09E-02
2020/5/21,8.13E-03,6.70E-02,2.32E-02
2020/5/22,8.07E-03,6.06E-02,3.16E-02
2020/5/23,1.42E-02,5.48E-02,3.14E-02
2020/5/24,1.28E-02,4.95E-02,2.61E-02
2020/5/25,0.010076538,0.045531192,0.020151835
2020/5/26,0.008194686,0.043808623,0.016796653
2020/5/27,0.009733801,0.045016344,0.02239939
2020/5/28,0.008275004,0.047381447,0.017678135
2020/5/29,7.63E-03,4.37E-02,1.56E-02
2020/5/30,7.20E-03,4.84E-02,1.56E-02
2020/5/31,8.86E-03,5.06E-02,1.58E-02
2020/6/1,1.24E-02,5.11E-02,1.62E-02
2020/6/2,1.67E-02,5.05E-02,1.66E-02
2020/6/3,1.16E-02,4.76E-02,1.58E-02
2020/6/4,8.90E-03,4.31E-02,3.39E-02
2020/6/5,7.66E-03,3.95E-02,2.67E-02
2020/6/6,7.51E-03,3.91E-02,1.98E-02
2020/6/7,7.35E-03,3.59E-02,2.07E-02
2020/6/8,7.20E-03,3.29E-02,2.81E-02
2020/6/9,7.06E-03,3.31E-02,3.82E-02
2020/6/10,7.91E-03,3.03E-02,2.64E-02
2020/6/11,7.66E-03,2.77E-02,2.16E-02
2020/6/12,8.65E-03,3.78E-02,2.32E-02
2020/6/13,7.50E-03,4.54E-02,4.86E-02
2020/6/14,7.40E-03,4.43E-02,4.94E-02
2020/6/15,8.26E-03,4.03E-02,4.46E-02
2020/6/16,9.81E-03,3.78E-02,3.80E-02
2020/6/17,1.22E-02,3.52E-02,3.10E-02
2020/6/18,9.19E-03,3.27E-02,3.19E-02
2020/6/19,7.77E-03,3.09E-02,2.22E-02
2020/6/20,9.39E-03,2.85E-02,2.08E-02
2020/6/21,8.75E-03,2.61E-02,1.87E-02
2020/6/22,7.73E-03,2.41E-02,1.68E-02
2020/6/23,7.12E-03,2.27E-02,1.53E-02
2020/6/24,6.96E-03,2.22E-02,1.47E-02
2020/6/25,7.07E-03,3.18E-02,1.45E-02
2020/6/26,6.88E-03,3.10E-02,1.52E-02
2020/6/27,6.78E-03,2.89E-02,1.83E-02
2020/6/28,6.91E-03,2.65E-02,2.33E-02
2020/6/29,7.31E-03,2.51E-02,2.94E-02
2020/6/30,7.94E-03,2.60E-02,3.60E-02
2020/7/1,8.75E-03,2.40E-02,2.71E-02
2020/7/2,1.16E-02,2.26E-02,2.00E-02
2020/7/3,1.61E-02,2.15E-02,2.29E-02
2020/7/4,1.70E-02,2.06E-02,1.92E-02
2020/7/5,2.34E-02,1.95E-02,1.69E-02
2020/7/6,3.18E-02,1.84E-02,1.55E-02
2020/7/7,4.08E-02,1.73E-02,1.47E-02
2020/7/8,2.57E-02,1.65E-02,1.46E-02
2020/7/9,1.99E-02,1.59E-02,1.46E-02
2020/7/10,1.60E-02,2.00E-02,1.44E-02
2020/7/11,1.68E-02,2.13E-02,2.14E-02
2020/7/12,1.25E-02,2.01E-02,1.95E-02
2020/7/13,9.87E-03,1.91E-02,1.66E-02
2020/7/14,1.38E-02,2.02E-02,1.56E-02
2020/7/15,1.13E-02,1.92E-02,1.72E-02
2020/7/16,1.33E-02,1.94E-02,1.59E-02
2020/7/17,3.09E-02,1.87E-02,2.00E-02
2020/7/18,1.97E-02,1.76E-02,1.99E-02
2020/7/19,1.50E-02,1.67E-02,2.18E-02
2020/7/20,1.70E-02,1.59E-02,2.45E-02
2020/7/21,2.28E-02,1.52E-02,2.76E-02
2020/7/22,1.50E-02,1.61E-02,2.08E-02
2020/7/23,1.09E-02,1.54E-02,1.85E-02
2020/7/24,8.66E-03,1.68E-02,1.63E-02
2020/7/25,2.62E-02,1.62E-02,1.74E-02
2020/7/26,2.34E-02,1.58E-02,1.79E-02
2020/7/27,1.69E-02,1.55E-02,1.81E-02
2020/7/28,1.18E-02,1.53E-02,1.83E-02
2020/7/29,1.00E-02,1.55E-02,1.77E-02
2020/7/30,1.54E-02,1.52E-02,1.56E-02
2020/7/31,1.09E-02,1.62E-02,1.49E-02
2020/8/1,9.64E-03,1.75E-02,2.14E-02
2020/8/2,1.04E-02,1.68E-02,2.29E-02
2020/8/3,1.21E-02,1.63E-02,2.31E-02
2020/8/4,1.44E-02,1.77E-02,2.29E-02
2020/8/5,1.03E-02,2.10E-02,1.79E-02
2020/8/6,8.32E-03,2.01E-02,1.66E-02
2020/8/7,7.54E-03,1.90E-02,1.65E-02
2020/8/8,9.33E-03,1.92E-02,1.55E-02
2020/8/9,0.00818956,0.018644608,0.014772891
2020/8/10,0.007387025,0.0176872,0.01457161
2020/8/11,0.008449963,0.016745152,0.014976908
2020/8/12,1.05E-02,1.64E-02,1.61E-02
2020/8/13,9.25E-03,1.67E-02,1.51E-02
2020/8/14,7.77E-03,1.74E-02,1.48E-02
2020/8/15,1.04E-02,1.65E-02,1.49E-02
2020/8/16,1.29E-02,1.59E-02,1.52E-02
2020/8/17,1.56E-02,1.61E-02,1.58E-02
2020/8/18,1.84E-02,1.72E-02,1.65E-02
2020/8/19,1.27E-02,1.66E-02,2.06E-02
2020/8/20,1.23E-02,1.58E-02,1.69E-02
2020/8/21,1.24E-02,1.55E-02,1.56E-02
2020/8/22,9.82E-03,1.59E-02,1.62E-02
2020/8/23,8.38E-03,1.56E-02,1.52E-02
2020/8/24,0.007568204,0.015021476,0.014754037
2020/8/25,7.10E-03,1.45E-02,1.57E-02
2020/8/26,7.22E-03,1.59E-02,2.03E-02
2020/8/27,0.010831395,0.015214472,0.018572977
2020/8/28,0.009345335,0.015050551,0.015948397
2020/8/29,1.28E-02,1.46E-02,1.52E-02
2020/8/30,1.13E-02,1.42E-02,1.47E-02
2020/8/31,9.06E-03,1.38E-02,1.56E-02
2020/9/1,7.83E-03,1.36E-02,1.79E-02
2020/9/2,7.68E-03,1.38E-02,1.60E-02
2020/9/3,7.17E-03,1.75E-02,1.63E-02
2020/9/4,7.83E-03,1.67E-02,2.36E-02
2020/9/5,9.08E-03,2.41E-02,2.02E-02
2020/9/6,1.09E-02,3.31E-02,2.29E-02
2020/9/7,1.31E-02,4.33E-02,2.88E-02
2020/9/8,1.54E-02,5.43E-02,3.60E-02
2020/9/9,1.18E-02,6.59E-02,3.35E-02
2020/9/10,0.014973248,0.060399179,0.059030946
2020/9/11,0.011295524,0.055572058,0.038788964
2020/9/12,1.01E-02,5.02E-02,3.17E-02
2020/9/13,0.009314849,0.045315303,0.025697589
2020/9/14,8.79E-03,4.10E-02,2.07E-02
2020/9/15,8.37E-03,3.72E-02,1.71E-02
2020/9/16,0.008070114,0.035918579,0.015410452
2020/9/17,7.60E-03,3.83E-02,2.89E-02
2020/9/18,7.53E-03,3.57E-02,2.21E-02
2020/9/19,1.48E-02,3.25E-02,2.35E-02
2020/9/20,1.28E-02,2.99E-02,2.18E-02
2020/9/21,0.009636052,0.028582326,0.019304341
2020/9/22,8.91E-03,2.90E-02,1.70E-02
2020/9/23,0.011227229,0.026673344,0.037733293
2020/9/24,8.75E-03,2.46E-02,2.62E-02
2020/9/25,1.34E-02,2.29E-02,2.20E-02
2020/9/26,9.81E-03,2.14E-02,1.79E-02
2020/9/27,8.04E-03,1.99E-02,1.57E-02
2020/9/28,7.25E-03,1.87E-02,1.54E-02
2020/9/29,6.93E-03,1.79E-02,1.69E-02
2020/9/30,6.92E-03,2.24E-02,1.56E-02
2020/10/1,6.90E-03,2.16E-02,3.00E-02
2020/10/2,6.78E-03,2.60E-02,3.01E-02
2020/10/3,6.87E-03,2.98E-02,2.70E-02
2020/10/4,7.29E-03,2.75E-02,2.30E-02
2020/10/5,8.02E-03,2.74E-02,1.93E-02
2020/10/6,8.99E-03,3.54E-02,1.64E-02
2020/10/7,1.01E-02,3.28E-02,1.53E-02
2020/10/8,1.14E-02,3.06E-02,1.63E-02
2020/10/9,1.28E-02,3.10E-02,1.91E-02
2020/10/10,1.42E-02,2.90E-02,2.31E-02
2020/10/11,1.62E-02,2.78E-02,2.04E-02
2020/10/12,1.85E-02,2.72E-02,1.70E-02
2020/10/13,0.020806166,0.027286931,0.015783449
2020/10/14,0.013822202,0.026197566,0.017115027
2020/10/15,1.06E-02,2.58E-02,1.67E-02
2020/10/16,8.56E-03,2.38E-02,1.64E-02
2020/10/17,7.50E-03,2.20E-02,1.56E-02
2020/10/18,7.08E-03,2.04E-02,1.49E-02
2020/10/19,7.39E-03,1.91E-02,1.46E-02
2020/10/20,8.32E-03,1.81E-02,1.48E-02
2020/10/21,0.007929606,0.017144635,0.015392409
2020/10/22,7.21E-03,2.31E-02,1.51E-02
2020/10/23,7.31E-03,2.22E-02,1.68E-02
2020/10/24,9.63E-03,2.23E-02,1.58E-02
2020/10/25,1.01E-02,2.29E-02,1.92E-02
2020/10/26,9.95E-03,2.40E-02,2.57E-02
2020/10/27,0.009638404,0.025556265,0.033638468
2020/10/28,7.96E-03,2.39E-02,2.56E-02
2020/10/29,0.007771998,0.031334862,0.02132773
2020/10/30,0.007157046,0.031754606,0.048821243
2020/10/31,1.17E-02,2.94E-02,5.84E-02
2020/11/1,1.09E-02,2.70E-02,5.37E-02
2020/11/2,0.009069321,0.025959102,0.044697001
2020/11/3,0.007681085,0.027772648,0.034634452
2020/11/4,0.011476939,0.034349793,0.027985295
2020/11/5,8.90E-03,3.95E-02,3.24E-02
2020/11/6,0.011225076,0.037006634,0.02255358
2020/11/7,8.82E-03,3.81E-02,2.41E-02
2020/11/8,8.11E-03,3.55E-02,2.02E-02
2020/11/9,1.03E-02,3.24E-02,1.66E-02
2020/11/10,1.44E-02,3.21E-02,1.69E-02
2020/11/11,1.06E-02,5.47E-02,4.33E-02
2020/11/12,9.05E-03,5.08E-02,3.50E-02
2020/11/13,7.70E-03,4.60E-02,2.38E-02
2020/11/14,0.00896827,0.043429742,0.023385229
2020/11/15,7.75E-03,4.00E-02,2.04E-02
2020/11/16,7.68E-03,3.64E-02,1.73E-02
2020/11/17,1.00E-02,3.32E-02,1.54E-02
2020/11/18,8.22E-03,3.28E-02,1.52E-02
2020/11/19,7.45E-03,3.04E-02,1.57E-02
2020/11/20,7.61E-03,2.84E-02,1.52E-02
2020/11/21,7.58E-03,2.63E-02,1.47E-02
2020/11/22,8.18E-03,2.48E-02,1.53E-02
2020/11/23,9.15E-03,2.40E-02,1.82E-02
2020/11/24,1.04E-02,2.40E-02,2.27E-02
2020/11/25,8.55E-03,3.24E-02,4.80E-02
2020/11/26,1.07E-02,3.93E-02,5.29E-02
2020/11/27,8.54E-03,3.89E-02,3.35E-02
2020/11/28,1.04E-02,3.58E-02,2.35E-02
2020/11/29,9.12E-03,3.26E-02,2.03E-02
2020/11/30,7.71E-03,2.98E-02,2.14E-02
2020/12/1,7.75E-03,2.74E-02,2.47E-02
2020/12/2,1.33E-02,2.66E-02,1.87E-02
2020/12/3,9.73E-03,2.45E-02,1.72E-02
2020/12/4,8.09E-03,2.47E-02,1.62E-02
2020/12/5,7.27E-03,2.38E-02,2.39E-02
2020/12/6,7.07E-03,2.25E-02,2.28E-02
2020/12/7,7.61E-03,2.11E-02,1.99E-02
2020/12/8,8.77E-03,1.97E-02,1.69E-02
2020/12/9,7.64E-03,1.92E-02,2.81E-02
2020/12/10,1.01E-02,1.81E-02,2.40E-02
2020/12/11,8.15E-03,2.06E-02,1.90E-02
2020/12/12,8.81E-03,2.15E-02,1.79E-02
2020/12/13,7.80E-03,2.12E-02,1.68E-02
2020/12/14,7.23E-03,2.03E-02,1.58E-02
2020/12/15,8.06E-03,1.90E-02,1.51E-02
2020/12/16,7.25E-03,1.97E-02,1.58E-02
2020/12/17,6.92E-03,1.97E-02,1.49E-02
2020/12/18,9.85E-03,1.97E-02,3.18E-02
2020/12/19,8.25E-03,2.18E-02,2.61E-02
2020/12/20,7.33E-03,2.12E-02,1.97E-02
2020/12/21,7.41E-03,1.97E-02,1.74E-02
2020/12/22,8.47E-03,1.92E-02,2.19E-02
2020/12/23,1.41E-02,2.63E-02,4.65E-02
2020/12/24,1.12E-02,2.42E-02,4.18E-02
2020/12/25,9.42E-03,2.49E-02,3.97E-02
2020/12/26,1.01E-02,2.40E-02,3.24E-02
2020/12/27,9.18E-03,2.24E-02,2.57E-02
2020/12/28,0.008035223,0.020828715,0.020012444
2020/12/29,7.23E-03,1.99E-02,1.66E-02
2020/12/30,7.72E-03,1.88E-02,1.68E-02
2020/12/31,9.73E-03,1.86E-02,1.59E-02
2021/1/1,1.35E-02,1.79E-02,1.63E-02
2021/1/2,1.37E-02,1.69E-02,1.57E-02
2021/1/3,1.28E-02,1.63E-02,2.14E-02
2021/1/4,0.011687446,0.016611654,0.031547845
2021/1/5,0.010456391,0.018154641,0.043495258
2021/1/6,0.009537508,0.021028118,0.028898404
2021/1/7,0.008847416,0.030521603,0.030376225
2021/1/8,0.008834779,0.029128891,0.040131118
2021/1/9,0.00765438,0.03088379,0.032225244
2021/1/10,0.00770119,0.031414333,0.02355624
2021/1/11,8.67E-03,3.11E-02,1.84E-02
2021/1/12,1.02E-02,3.02E-02,2.13E-02
2021/1/13,1.60E-02,2.85E-02,1.72E-02
2021/1/14,1.13E-02,2.66E-02,2.59E-02
2021/1/15,1.05E-02,2.47E-02,2.20E-02
2021/1/16,8.33E-03,2.35E-02,1.95E-02
2021/1/17,0.007583029,0.022340957,0.019896185
2021/1/18,7.90E-03,2.13E-02,2.15E-02
2021/1/19,8.93E-03,2.04E-02,2.37E-02
2021/1/20,9.29E-03,1.95E-02,1.85E-02
2021/1/21,8.33E-03,1.84E-02,2.17E-02
2021/1/22,9.99E-03,1.73E-02,1.73E-02
2021/1/23,0.008496065,0.018845621,0.023320625
2021/1/24,0.00746033,0.019049212,0.023567548
2021/1/25,0.00710077,0.018518392,0.022257603
2021/1/26,7.52E-03,1.76E-02,2.05E-02
2021/1/27,0.011992817,0.016809141,0.018387107
2021/1/28,0.009091502,0.01603673,0.018680471
2021/1/29,1.45E-02,1.56E-02,1.60E-02
2021/1/30,1.11E-02,1.57E-02,1.51E-02
2021/1/31,8.73E-03,1.51E-02,1.46E-02
2021/2/1,0.007653959,0.015446264,0.014449507
2021/2/2,8.16E-03,1.80E-02,1.44E-02
2021/2/3,8.92E-03,2.67E-02,2.61E-02
2021/2/4,0.00817071,0.029840874,0.023225902
2021/2/5,0.007812888,0.029691684,0.026513975
2021/2/6,0.007212192,0.028674172,0.021734219
2021/2/7,0.007063514,0.028276373,0.020016206
2021/2/8,0.007942581,0.028456185,0.019628528
2021/2/9,0.009734279,0.02914945,0.019753374
2021/2/10,0.015003121,0.02885546,0.031100009
2021/2/11,1.40E-02,2.66E-02,2.25E-02
2021/2/12,1.31E-02,2.46E-02,1.77E-02
2021/2/13,1.23E-02,2.37E-02,1.75E-02
2021/2/14,0.011577146,0.023444537,0.021514517
2021/2/15,1.09E-02,2.39E-02,2.78E-02
2021/2/16,0.010195267,0.024973021,0.035030648
2021/2/17,9.56E-03,2.66E-02,4.28E-02
2021/2/18,8.96E-03,2.55E-02,5.08E-02
2021/2/19,8.41E-03,2.35E-02,5.90E-02
2021/2/20,8.22E-03,2.39E-02,4.14E-02
2021/2/21,7.35E-03,2.25E-02,2.97E-02
2021/2/22,8.58E-03,2.09E-02,2.17E-02
2021/2/23,1.20E-02,2.08E-02,1.73E-02
2021/2/24,9.11E-03,2.61E-02,4.15E-02
2021/2/25,1.49E-02,2.66E-02,2.72E-02
2021/2/26,0.01122979,0.027014043,0.027948934
2021/2/27,1.62E-02,2.75E-02,2.59E-02
2021/2/28,1.30E-02,2.74E-02,2.26E-02
2021/3/1,9.60E-03,2.69E-02,1.92E-02
2021/3/2,1.10E-02,2.62E-02,1.65E-02
2021/3/3,1.16E-02,2.53E-02,3.67E-02
2021/3/4,1.52E-02,2.49E-02,2.58E-02
2021/3/5,1.70E-02,2.92E-02,2.22E-02
2021/3/6,1.17E-02,3.09E-02,4.95E-02
2021/3/7,1.03E-02,2.92E-02,5.67E-02
2021/3/8,0.012952176,0.026732274,0.059768931
2021/3/9,0.017655747,0.026024887,0.061475427
2021/3/10,1.68E-02,2.51E-02,4.19E-02
2021/3/11,1.16E-02,2.36E-02,3.74E-02
2021/3/12,1.73E-02,2.37E-02,2.52E-02
2021/3/13,1.22E-02,2.21E-02,1.93E-02
2021/3/14,0.009186477,0.02065313,0.016678245
2021/3/15,8.33E-03,1.94E-02,1.56E-02
2021/3/16,9.59E-03,1.83E-02,1.51E-02
2021/3/17,9.35E-03,1.75E-02,2.23E-02
2021/3/18,7.81E-03,1.67E-02,1.83E-02
2021/3/19,7.84E-03,3.51E-02,1.71E-02
2021/3/20,1.30E-02,3.34E-02,5.65E-02
2021/3/21,1.07E-02,3.10E-02,5.31E-02
2021/3/22,8.53E-03,2.84E-02,4.17E-02
2021/3/23,1.04E-02,2.61E-02,2.90E-02
2021/3/24,1.02E-02,3.63E-02,2.23E-02
2021/3/25,0.011710391,0.039405932,0.030023855
2021/3/26,8.95E-03,4.03E-02,2.17E-02
2021/3/27,1.28E-02,3.95E-02,1.79E-02
2021/3/28,1.24E-02,3.76E-02,1.57E-02
2021/3/29,1.08E-02,3.50E-02,1.65E-02
2021/3/30,9.04E-03,3.21E-02,2.01E-02
2021/3/31,8.63E-03,3.03E-02,2.04E-02
2021/4/1,7.97E-03,2.87E-02,1.83E-02
2021/4/2,8.50E-03,2.98E-02,1.68E-02
2021/4/3,8.14E-03,2.80E-02,3.06E-02
2021/4/4,7.67E-03,2.57E-02,2.70E-02
2021/4/5,7.25E-03,2.55E-02,2.06E-02
2021/4/6,6.94E-03,2.93E-02,1.73E-02
2021/4/7,6.80E-03,2.71E-02,2.11E-02
2021/4/8,6.77E-03,2.49E-02,1.76E-02
2021/4/9,6.75E-03,2.30E-02,1.85E-02
2021/4/10,8.92E-03,2.14E-02,1.64E-02
2021/4/11,9.85E-03,1.99E-02,1.51E-02
2021/4/12,1.04E-02,1.86E-02,1.50E-02
2021/4/13,1.09E-02,1.77E-02,1.62E-02
2021/4/14,9.06E-03,1.75E-02,1.78E-02
2021/4/15,8.56E-03,2.39E-02,1.95E-02
2021/4/16,8.16E-03,2.21E-02,3.35E-02
2021/4/17,8.93E-03,2.07E-02,2.54E-02
2021/4/18,1.01E-02,1.93E-02,1.99E-02
2021/4/19,1.14E-02,1.82E-02,1.65E-02
2021/4/20,1.29E-02,1.73E-02,1.56E-02
2021/4/21,9.54E-03,1.76E-02,1.50E-02
2021/4/22,7.89E-03,1.95E-02,2.35E-02
2021/4/23,7.32E-03,1.84E-02,2.48E-02
2021/4/24,7.14E-03,1.78E-02,1.90E-02
2021/4/25,0.006931608,0.016998996,0.016252807
2021/4/26,7.64E-03,1.62E-02,1.50E-02
2021/4/27,9.33E-03,1.55E-02,1.46E-02
2021/4/28,7.80E-03,1.65E-02,1.49E-02
2021/4/29,7.62E-03,1.64E-02,2.15E-02
2021/4/30,7.79E-03,1.69E-02,2.53E-02
2021/5/1,8.81E-03,1.86E-02,2.26E-02
2021/5/2,8.79E-03,1.81E-02,2.17E-02
2021/5/3,8.46E-03,1.71E-02,2.16E-02
2021/5/4,0.008034581,0.017228045,0.02181691
2021/5/5,7.62E-03,1.94E-02,2.21E-02
2021/5/6,7.27E-03,1.83E-02,2.24E-02
2021/5/7,7.00E-03,1.79E-02,2.27E-02
2021/5/8,7.99E-03,1.69E-02,1.85E-02
2021/5/9,7.55E-03,1.61E-02,1.60E-02
2021/5/10,7.04E-03,1.54E-02,1.51E-02
2021/5/11,7.04E-03,1.48E-02,1.59E-02
2021/5/12,7.30E-03,1.47E-02,1.72E-02
2021/5/13,7.94E-03,1.45E-02,1.72E-02
2021/5/14,9.46E-03,1.98E-02,1.62E-02
2021/5/15,1.37E-02,2.14E-02,2.73E-02
2021/5/16,1.35E-02,2.19E-02,2.22E-02
2021/5/17,1.21E-02,2.18E-02,1.77E-02
2021/5/18,1.04E-02,2.12E-02,2.21E-02
2021/5/19,0.008533077,0.020616763,0.026144444
2021/5/20,8.13E-03,2.33E-02,2.64E-02
2021/5/21,7.31E-03,2.36E-02,3.26E-02
2021/5/22,7.87E-03,2.52E-02,2.93E-02
2021/5/23,7.40E-03,2.69E-02,2.23E-02
2021/5/24,6.97E-03,2.87E-02,1.78E-02
2021/5/25,7.08E-03,3.05E-02,2.11E-02
2021/5/26,1.66E-02,2.79E-02,2.98E-02
2021/5/27,1.17E-02,2.56E-02,2.26E-02
2021/5/28,9.33E-03,2.39E-02,1.85E-02
2021/5/29,7.93E-03,2.21E-02,1.88E-02
2021/5/30,7.19E-03,2.06E-02,1.73E-02
2021/5/31,7.00E-03,1.93E-02,1.56E-02
2021/6/1,7.30E-03,1.85E-02,1.48E-02
2021/6/2,7.12E-03,2.01E-02,2.20E-02
2021/6/3,8.42E-03,1.98E-02,1.84E-02
2021/6/4,7.74E-03,1.86E-02,1.94E-02
2021/6/5,7.24E-03,1.78E-02,1.63E-02
2021/6/6,7.04E-03,1.69E-02,1.51E-02
2021/6/7,6.97E-03,1.61E-02,1.46E-02
2021/6/8,6.94E-03,1.55E-02,1.44E-02
2021/6/9,7.62E-03,1.56E-02,1.60E-02
2021/6/10,7.34E-03,1.51E-02,2.08E-02
2021/6/11,7.76E-03,1.46E-02,1.73E-02
2021/6/12,8.04E-03,1.44E-02,1.73E-02
2021/6/13,8.41E-03,1.42E-02,1.73E-02
2021/6/14,8.83E-03,1.39E-02,1.73E-02
2021/6/15,9.29E-03,1.37E-02,1.73E-02
2021/6/16,9.78E-03,1.62E-02,1.72E-02
2021/6/17,1.06E-02,1.57E-02,1.56E-02
2021/6/18,8.47E-03,1.62E-02,1.50E-02
2021/6/19,7.42E-03,1.55E-02,2.80E-02
2021/6/20,0.006984025,0.01536387,0.025184264
2021/6/21,6.83E-03,1.63E-02,1.98E-02
2021/6/22,6.79E-03,1.86E-02,1.67E-02
2021/6/23,8.44E-03,1.75E-02,2.32E-02
2021/6/24,7.57E-03,1.67E-02,2.41E-02
2021/6/25,7.04E-03,1.60E-02,1.93E-02
2021/6/26,9.98E-03,1.58E-02,1.63E-02
2021/6/27,9.40E-03,1.51E-02,1.51E-02
2021/6/28,8.16E-03,1.50E-02,1.47E-02
2021/6/29,7.29E-03,1.60E-02,1.49E-02
2021/6/30,9.10E-03,1.56E-02,2.17E-02
2021/7/1,8.34E-03,1.52E-02,1.73E-02
2021/7/2,7.37E-03,1.68E-02,1.55E-02
2021/7/3,1.44E-02,1.60E-02,1.90E-02
2021/7/4,1.27E-02,1.54E-02,1.88E-02
2021/7/5,9.70E-03,1.54E-02,1.76E-02
2021/7/6,8.45E-03,1.62E-02,1.64E-02
2021/7/7,7.44E-03,1.71E-02,1.75E-02
2021/7/8,8.17E-03,1.74E-02,3.39E-02
2021/7/9,8.89E-03,1.74E-02,3.67E-02
2021/7/10,7.60E-03,1.88E-02,2.47E-02
2021/7/11,7.17E-03,1.86E-02,1.93E-02
2021/7/12,7.42E-03,1.76E-02,1.82E-02
2021/7/13,8.19E-03,1.67E-02,1.94E-02
2021/7/14,8.03E-03,1.73E-02,1.74E-02
2021/7/15,0.009953341,0.020433181,0.022014508
2021/7/16,0.010366724,0.020732766,0.031618393
2021/7/17,0.009439859,0.019386752,0.032316051
2021/7/18,0.008414473,0.020862419,0.030840641
2021/7/19,0.007552089,0.027366508,0.028657512
2021/7/20,0.007035093,0.037819606,0.026271879
2021/7/21,0.006843183,0.03435056,0.03978316
2021/7/22,0.00820199,0.036123305,0.027095417
2021/7/23,0.0076161,0.033821804,0.029198364
2021/7/24,0.008297933,0.030844526,0.028955028
2021/7/25,0.010811601,0.028208265,0.026007722
2021/7/26,0.014299998,0.025881065,0.02237535
2021/7/27,0.018235928,0.023834433,0.018929697
2021/7/28,0.020286434,0.022039423,0.018637224
2021/7/29,0.014025104,0.020875042,0.016832744
2021/7/30,0.013830661,0.020280959,0.016639075
2021/7/31,0.010357774,0.018989651,0.015252795
2021/8/1,0.008599443,0.018245543,0.014732386
2021/8/2,0.01051793,0.019232532,0.015143978
2021/8/3,0.014986444,0.022475359,0.016410065
2021/8/4,0.011028198,0.021652805,0.029607843
2021/8/5,0.010139523,0.024807281,0.022583221
2021/8/6,0.008400534,0.023563587,0.024266142
2021/8/7,0.007545773,0.023003799,0.019825468
2021/8/8,0.007134942,0.022663675,0.016474493
2021/8/9,0.007920543,0.022513409,0.017107784
2021/8/10,0.009812451,0.02252481,0.021932623
2021/8/11,0.010265422,0.024210639,0.017672823
2021/8/12,0.008241871,0.023237327,0.029582049
2021/8/13,0.007458218,0.021610099,0.021147899
2021/8/14,0.007162408,0.021033682,0.017050961
2021/8/15,0.006946034,0.020511445,0.015734089
2021/8/16,0.006806647,0.020034816,0.016688148
2021/8/17,0.00674521,0.019596581,0.019228508
2021/8/18,0.014539507,0.018856379,0.019285825
2021/8/19,0.012543231,0.021727861,0.0162719
2021/8/20,0.010018589,0.022278291,0.029374113
2021/8/21,0.010764461,0.023147994,0.02555808
2021/8/22,0.008623401,0.021445986,0.020665618
2021/8/23,0.008383503,0.022896594,0.016880927
2021/8/24,0.011797839,0.030570943,0.016195456
2021/8/25,0.011263358,0.030510494,0.039464021
2021/8/26,0.009886713,0.028017232,0.032362643
2021/8/27,0.010679184,0.025922121,0.023143564
2021/8/28,0.009209479,0.024998628,0.020029443
2021/8/29,0.008248406,0.023750998,0.018687302
2021/8/30,0.007582353,0.022321888,0.018066873
2021/8/31,0.007130305,0.020843841,0.017720278
2021/9/1,0.007434797,0.019867223,0.015906034
2021/9/2,0.008130314,0.018677807,0.018215605
2021/9/3,0.009019327,0.018940683,0.017253444
2021/9/4,0.008127069,0.01853002,0.030572234
2021/9/5,0.007293405,0.017953334,0.025397596
2021/9/6,0.007920007,0.017276157,0.018983661
2021/9/7,0.010107232,0.016555167,0.02020983
2021/9/8,0.012571256,0.016641534,0.018437023
2021/9/9,0.009358166,0.016994065,0.0159103
2021/9/10,0.008405076,0.01802851,0.017493834
2021/9/11,0.007588215,0.019388652,0.016635018
2021/9/12,0.007288608,0.0198615,0.015541979
2021/9/13,0.007206958,0.019758362,0.0194753
2021/9/14,0.007212659,0.019273287,0.027437584
2021/9/15,0.011441552,0.018187366,0.023296276
2021/9/16,0.008862283,0.021201576,0.019785678
2021/9/17,0.01149321,0.019756548,0.022407131
2021/9/18,0.008900847,0.018857026,0.01840106
2021/9/19,0.007748981,0.018428518,0.01635795
2021/9/20,0.007327785,0.018510015,0.015274095
2021/9/21,0.007233265,0.019099855,0.014701607
2021/9/22,0.007277423,0.018365376,0.014463807
2021/9/23,0.007382789,0.019342718,0.014493592
2021/9/24,0.007372046,0.019005844,0.018234117
2021/9/25,0.008646986,0.018218688,0.022836367
2021/9/26,0.009125079,0.017902017,0.02359786
2021/9/27,0.009342695,0.018095836,0.023239055
2021/9/28,0.00946738,0.01879618,0.022512032
2021/9/29,0.008580191,0.018666983,0.027581715
2021/9/30,0.013950386,0.017802783,0.0263556
2021/10/1,0.011578345,0.016911042,0.019598378
2021/10/2,0.010450919,0.016526259,0.01669719
2021/10/3,0.009894342,0.016714179,0.017730848
2021/10/4,0.009577415,0.017528877,0.021638449
2021/10/5,0.00935741,0.018943441,0.027061993
2021/10/6,0.009176917,0.019352386,0.033226018
2021/10/7,0.009013589,0.020801406,0.039775452
2021/10/8,0.008858907,0.020763672,0.046544171
2021/10/9,0.008709697,0.020478601,0.053447793
2021/10/10,0.008034614,0.020155504,0.045717026
2021/10/11,0.007362325,0.019803309,0.034231468
2021/10/12,0.006959352,0.019429283,0.023688515
2021/10/13,0.010502605,0.018230309,0.018482282
2021/10/14,0.008753814,0.017204027,0.018434946
2021/10/15,0.007566916,0.017063878,0.016008121
2021/10/16,0.007478695,0.017532676,0.018666343
2021/10/17,0.007149638,0.017113511,0.0204697
2021/10/18,0.00688311,0.016329261,0.022069193
2021/10/19,0.006813742,0.015621667,0.023648685
2021/10/20,0.008085049,0.015467287,0.020469685
2021/10/21,0.007336535,0.015855241,0.020067166
2021/10/22,0.007084885,0.015673539,0.017244547
2021/10/23,0.007183745,0.016679845,0.020346765
2021/10/24,0.006890312,0.016575595,0.017495249
2021/10/25,0.007221826,0.015957176,0.015764974
2021/10/26,0.008428711,0.015279236,0.018386233
2021/10/27,0.007710386,0.015066782,0.016076986
2021/10/28,0.009489605,0.019010031,0.016731216
2021/10/29,0.011157201,0.017975478,0.023642262
2021/10/30,0.010107561,0.017102427,0.019332297
2021/10/31,0.008800064,0.016339374,0.016973988
2021/11/1,0.007689558,0.01567401,0.015616074
2021/11/2,0.007109469,0.015095542,0.014848805
2021/11/3,0.009823308,0.015461393,0.02308014
2021/11/4,0.008125132,0.023505886,0.020002468
2021/11/5,0.008907871,0.023045711,0.027011911
2021/11/6,0.009953905,0.024514712,0.020855876
2021/11/7,0.008951722,0.024575352,0.017098539
2021/11/8,0.007734683,0.02377431,0.019345462
2021/11/9,0.007225283,0.022473379,0.026572724
2021/11/10,0.007070941,0.024554052,0.019841554
2021/11/11,0.007339559,0.026443365,0.022325033
2021/11/12,0.010096909,0.024329865,0.022807854
2021/11/13,0.008227919,0.022904387,0.023544117
2021/11/14,0.007326342,0.021400407,0.0231881
2021/11/15,0.006951823,0.01994967,0.022472727
2021/11/16,0.006878094,0.018693168,0.021646099
2021/11/17,0.007082966,0.017661783,0.018339209
2021/11/18,0.007405301,0.020934092,0.019225843
2021/11/19,0.007598211,0.019928427,0.033221911
2021/11/20,0.010042028,0.02332716,0.024328375
2021/11/21,0.010133105,0.023160534,0.01847221
2021/11/22,0.009557989,0.021625373,0.017991097
2021/11/23,0.008800621,0.020331421,0.023007907
2021/11/24,0.0076638,0.02110104,0.018040017
2021/11/25,0.007109395,0.019690068,0.034428212
2021/11/26,0.007024593,0.01854526,0.023670878
2021/11/27,0.007710843,0.055263507,0.027026092
2021/11/28,0.007518236,0.058822663,0.033590011
2021/11/29,0.007152168,0.053972759,0.041339782
2021/11/30,0.006880393,0.050004536,0.049564646
2021/12/1,0.006774018,0.048258772,0.04950815
2021/12/2,0.007119701,0.043718964,0.03794823
2021/12/3,0.006884722,0.041096551,0.025879105
2021/12/4,0.009027988,0.037294405,0.01933459
2021/12/5,0.008195381,0.034500648,0.018891144
2021/12/6,0.007302638,0.034675372,0.023355164
2021/12/7,0.007643672,0.038985375,0.030228527
2021/12/8,0.007146332,0.03768217,0.028814247
2021/12/9,0.010169342,0.034390285,0.032470897
2021/12/10,0.010261251,0.032788365,0.023276974
2021/12/11,0.008307486,0.030451394,0.023309532
2021/12/12,0.007348992,0.027981731,0.018318519
2021/12/13,0.007077395,0.025665628,0.017778457
2021/12/14,0.007309303,0.023830107,0.024994415
2021/12/15,0.007725587,0.022745916,0.020147155
2021/12/16,0.007508264,0.021486427,0.021445893
2021/12/17,0.008486349,0.020969733,0.021395104
2021/12/18,0.010517166,0.022536956,0.019065022
2021/12/19,0.011053732,0.023315811,0.016639227
2021/12/20,0.011120626,0.023553945,0.022296559
2021/12/21,0.01101969,0.023404586,0.03360903
2021/12/22,0.01023666,0.026691899,0.024879053
2021/12/23,0.008225874,0.026806442,0.033980261
2021/12/24,0.008169314,0.025247344,0.027615931
2021/12/25,0.00853755,0.024322798,0.024365359
2021/12/26,0.008060742,0.024062349,0.020264951
2021/12/27,0.007447092,0.024452672,0.016878231
2021/12/28,0.007002361,0.025437135,0.0155356
2021/12/29,0.007257906,0.023575784,0.030085072
2021/12/30,0.009057046,0.022051639,0.023557764
2021/12/31,0.00861952,0.020497467,0.019684507
2022/1/1,0.008311879,0.020768803,0.017630059
2022/1/2,0.007728497,0.019784615,0.016059425
2022/1/3,0.007200204,0.018534586,0.015027324
2022/1/4,0.006895131,0.017954259,0.014612955
2022/1/5,0.006901148,0.017988662,0.014855904
2022/1/6,0.009432689,0.01702945,0.018787867
2022/1/7,0.008008095,0.018663385,0.016037281
2022/1/8,0.007315593,0.017769177,0.024538892
2022/1/9,0.006940498,0.017003239,0.02176519
2022/1/10,0.006911306,0.016348536,0.017612165
2022/1/11,0.00722384,0.015789676,0.016302016
2022/1/12,0.008322271,0.021978665,0.01767618
2022/1/13,0.009089914,0.02180423,0.022773726
2022/1/14,0.010758107,0.020786065,0.02164709
2022/1/15,0.010449271,0.022069805,0.017747855
2022/1/16,0.008791852,0.021935077,0.017083908
2022/1/17,0.007569128,0.021004608,0.018172461
2022/1/18,0.007949039,0.019720142,0.020145788
2022/1/19,0.008803362,0.022311547,0.023486063
2022/1/20,0.007849158,0.020737681,0.020904969
2022/1/21,0.007178202,0.020319664,0.01695581
2022/1/22,0.009041141,0.019293752,0.019695909
2022/1/23,0.008563413,0.018533385,0.017721961
2022/1/24,0.007664875,0.01802415,0.015633177
2022/1/25,0.007086266,0.01774841,0.015546954
2022/1/26,0.018050166,0.019042247,0.016987539
2022/1/27,0.012969699,0.019321986,0.019311027
2022/1/28,0.014908666,0.018139279,0.019869811
2022/1/29,0.012251558,0.017414333,0.02149266
2022/1/30,0.010148483,0.017024507,0.019566868
2022/1/31,0.008516907,0.016980993,0.017081214
2022/2/1,0.007454851,0.017276999,0.015357651
2022/2/2,0.007135263,0.016420259,0.015222992
2022/2/3,0.007622388,0.015688875,0.016889563
2022/2/4,0.008773397,0.01738678,0.019961633
2022/2/5,0.010366457,0.018049879,0.023918427
2022/2/6,0.012229051,0.017492766,0.028396918
2022/2/7,0.01425561,0.016582296,0.033187914
2022/2/8,0.016385298,0.016079379,0.038174347
2022/2/9,0.012139055,0.016808943,0.027366392
2022/2/10,0.010429666,0.01627747,0.026405595
2022/2/11,0.008376425,0.015640116,0.019606722
2022/2/12,0.008497746,0.023427229,0.016738697
2022/2/13,0.008907629,0.026035928,0.016214459
2022/2/14,0.009453406,0.026295651,0.020981417
2022/2/15,0.010072058,0.025252806,0.029154455
2022/2/16,0.008741309,0.027241931,0.024597318
2022/2/17,0.008370785,0.025805793,0.020994444
2022/2/18,0.007386735,0.025234332,0.018412693
2022/2/19,0.008119244,0.023358427,0.015947701
2022/2/20,0.007778459,0.022270325,0.015198057
2022/2/21,0.007257973,0.022359283,0.015284195
2022/2/22,0.006917536,0.023817576,0.015803794
2022/2/23,0.00915504,0.022891592,0.04068853
2022/2/24,0.009702098,0.021268368,0.027367798
2022/2/25,0.013513844,0.020198968,0.040486892
2022/2/26,0.01061104,0.01926313,0.029099442
2022/2/27,0.009024762,0.01845683,0.02210148
2022/2/28,0.008111431,0.020649794,0.017800679
2022/3/1,0.007539044,0.026769755,0.015649142
2022/3/2,0.008551791,0.050950857,0.030518486
2022/3/3,0.007501618,0.055530402,0.058215584
2022/3/4,0.007037302,0.05095786,0.082907568
2022/3/5,0.009200247,0.053556177,0.050903839
2022/3/6,0.01169848,0.053811318,0.039255384
2022/3/7,0.014461169,0.052484337,0.046235051
2022/3/8,0.017394724,0.050060593,0.061834614
2022/3/9,0.019300495,0.048712567,0.079126486
2022/3/10,0.014853285,0.063723325,0.06140293
2022/3/11,0.013071493,0.058381699,0.096053142
2022/3/12,0.009965044,0.053924031,0.079315796
2022/3/13,0.008959064,0.048688598,0.062677721
2022/3/14,0.01285716,0.04617993,0.046583205
2022/3/15,0.019334844,0.049640322,0.032039009
2022/3/16,0.034899101,0.054281166,0.058742445
2022/3/17,0.031047569,0.049199489,0.039262248
2022/3/18,0.021665858,0.057402188,0.026045793
2022/3/19,0.015977857,0.05217743,0.067140299
2022/3/20,0.012175669,0.04929575,0.06438928
2022/3/21,0.009549041,0.049925826,0.052558823
2022/3/22,0.007912702,0.054500118,0.038370719
2022/3/23,0.00728388,0.049390125,0.053337602
2022/3/24,0.007263436,0.048390569,0.033734521
2022/3/25,0.008024699,0.045578982,0.032078686
2022/3/26,0.010422933,0.041250784,0.02372761
2022/3/27,0.009617547,0.039160046,0.021356
2022/3/28,0.008227793,0.042990388,0.022198088
2022/3/29,0.007328542,0.05354496,0.024437696
2022/3/30,0.007255982,0.048431633,0.038791589
2022/3/31,0.014160863,0.045507751,0.026265326
2022/4/1,0.010557074,0.048012365,0.023104657
2022/4/2,0.010270391,0.043542954,0.041386054
2022/4/3,0.009524494,0.039594952,0.03887975
2022/4/4,0.008680464,0.03747683,0.031679266
2022/4/5,0.007903736,0.03839109,0.023795608
2022/4/6,0.007296093,0.035631761,0.01823324
2022/4/7,0.006933939,0.037918526,0.018680919
2022/4/8,0.011391542,0.034641114,0.048179226
2022/4/9,0.009260481,0.032492269,0.037985789
2022/4/10,0.008571144,0.029653567,0.02810182
2022/4/11,0.012666759,0.027746048,0.020388951
2022/4/12,0.019290832,0.028408306,0.018437556
2022/4/13,0.015921975,0.038628658,0.018753498
2022/4/14,0.012303889,0.037828512,0.039703628
2022/4/15,0.012028312,0.035473945,0.031724323
2022/4/16,0.009520174,0.033071183,0.034261646
2022/4/17,0.008415583,0.030667671,0.033484908
2022/4/18,0.007994742,0.028314477,0.031639741
2022/4/19,0.00786673,0.026070065,0.029445181
2022/4/20,0.007169878,0.030896919,0.020986746
2022/4/21,0.011049196,0.028273184,0.029893243
2022/4/22,0.016937214,0.026913672,0.022417922
2022/4/23,0.011755174,0.025961357,0.01760148
2022/4/24,0.013584621,0.025826852,0.021767483
2022/4/25,0.02403819,0.026498645,0.034941927
2022/4/26,0.037084306,0.027900272,0.051291227
2022/4/27,0.025120927,0.028677768,0.03665174
2022/4/28,0.022621746,0.026321875,0.044894017
2022/4/29,0.015308895,0.027263088,0.029194851
2022/4/30,0.018608503,0.025485658,0.031490323
2022/5/1,0.018353118,0.023630541,0.032624977
2022/5/2,0.016977881,0.021869005,0.033379889
2022/5/3,0.015213764,0.020390541,0.034006973
2022/5/4,0.013346111,0.020060973,0.034591352
2022/5/5,0.011515853,0.027563705,0.035162194
2022/5/6,0.009828453,0.025474061,0.035729496
2022/5/7,0.016065779,0.025040094,0.024637899
2022/5/8,0.014419861,0.023316661,0.019304153
2022/5/9,0.011161004,0.026409957,0.017070915
2022/5/10,0.008672758,0.03645296,0.016250828
2022/5/11,0.010059875,0.03608264,0.047984736
2022/5/12,0.009435275,0.040358367,0.03289194
2022/5/13,0.00788251,0.036767516,0.032841047
2022/5/14,0.009406115,0.036740097,0.025379222
2022/5/15,0.008510177,0.036327238,0.022268781
2022/5/16,0.007457502,0.035618859,0.021177193
2022/5/17,0.007329636,0.034682245,0.020894649
2022/5/18,0.008079579,0.031628096,0.02955869
2022/5/19,0.007425424,0.03102131,0.022172985
2022/5/20,0.007343015,0.029551239,0.026075084
2022/5/21,0.012292249,0.02709686,0.019559165
2022/5/22,0.011438971,0.0249345,0.017892494
2022/5/23,0.009432272,0.023035619,0.019309763
2022/5/24,0.007843286,0.021374329,0.022329223
2022/5/25,0.017147233,0.019904897,0.022836562
2022/5/26,0.013987818,0.018973482,0.023357389
2022/5/27,0.010580372,0.022877898,0.022134343
2022/5/28,0.008501868,0.021486915,0.027279401
2022/5/29,0.007763536,0.020558047,0.024923707
2022/5/30,0.007740898,0.020128861,0.020860526
2022/5/31,0.008075092,0.020209994,0.017222226
2022/6/1,1.05E-02,1.89E-02,2.74E-02
2022/6/2,0.008358709,0.017790731,0.021980388
2022/6/3,0.007836245,0.018629163,0.030844982
2022/6/4,0.008206191,0.02106801,0.026001659
2022/6/5,0.009078356,0.021350797,0.019556273
2022/6/6,0.010230007,0.020523839,0.018046446
2022/6/7,0.011545823,0.019254168,0.024403762
2022/6/8,0.00890696,0.018585614,0.018910876
2022/6/9,0.008749811,0.020212988,0.018553401
2022/6/10,0.008977776,0.019046793,0.022091661
2022/6/11,0.011785629,0.01822921,0.017552984
2022/6/12,0.009846106,0.017299292,0.016723088
2022/6/13,0.008073745,0.016412606,0.018497709
2022/6/14,0.009230464,0.015723373,0.021778849
2022/6/15,0.010118975,0.016300097,0.0235313
2022/6/16,0.008761431,0.01876643,0.019109277
2022/6/17,0.0084821,0.018686049,0.029381256
2022/6/18,0.009588539,0.02834657,0.023262148
2022/6/19,0.008849179,0.029446068,0.025608583
2022/6/20,0.007805143,0.027501985,0.032443723
2022/6/21,0.007143003,0.025411126,0.04095234
2022/6/22,0.007074355,0.024216557,0.027111216
2022/6/23,0.010281047,0.029459946,0.026149586
2022/6/24,0.013153445,0.028177668,0.021631629
2022/6/25,0.011190242,0.027988451,0.021367658
2022/6/26,0.010340556,0.027514556,0.01765094
2022/6/27,0.009986944,0.026825462,0.016116069
2022/6/28,0.009835331,0.025974329,0.019516904
2022/6/29,0.009812854,0.02531666,0.037940444
2022/6/30,0.012044375,0.024558371,0.030248302
2022/7/1,0.011474951,0.026545052,0.022499329
2022/7/2,0.009047294,0.026477511,0.039238662
2022/7/3,0.007674908,0.026171652,0.032591282
2022/7/4,0.007250234,0.0256838,0.022920514
2022/7/5,0.00767956,0.025056807,0.020972613
2022/7/6,0.00709164,0.040230159,0.020566948
2022/7/7,0.011462851,0.036904516,0.050410993
2022/7/8,0.008968831,0.036664535,0.047817726
2022/7/9,0.007797398,0.03429624,0.045591009
2022/7/10,0.008066682,0.031448079,0.038180263
2022/7/11,0.009374409,0.028723538,0.029480858
2022/7/12,0.011278299,0.026807242,0.021662666
2022/7/13,0.0107017,0.040898225,0.019241674
2022/7/14,0.008452057,0.037154212,0.026567655
2022/7/15,0.007426905,0.033766455,0.019616776
2022/7/16,0.012630396,0.031666122,0.016604441
2022/7/17,0.010104155,0.030998004,0.02077679
2022/7/18,0.008698868,0.031983761,0.035394263
2022/7/19,0.012363003,0.034579626,0.05366271
2022/7/20,0.009253546,0.031733807,0.04309035
2022/7/21,0.009180724,0.029203854,0.028378944
2022/7/22,0.010003133,0.029858218,0.020551618
2022/7/23,0.008114622,0.027816222,0.017040411
2022/7/24,0.007428664,0.025540948,0.016454061
2022/7/25,0.007484372,0.023744481,0.01756811
2022/7/26,0.007987417,0.023184061,0.019616276
2022/7/27,0.008943833,0.022008611,0.031951545
2022/7/28,0.007631619,0.024394581,0.022193376
2022/7/29,0.007190753,0.022527725,0.030364185
2022/7/30,0.008960667,0.022325676,0.024498665
2022/7/31,0.008346871,0.020750331,0.021693199
2022/8/1,0.007437256,0.021684119,0.020239224
2022/8/2,0.007111737,0.02740742,0.019333816
2022/8/3,0.01612068,0.025162226,0.024551167
2022/8/4,0.012102387,0.027573552,0.01902787
2022/8/5,0.010446061,0.028308912,0.028245832
2022/8/6,0.01123298,0.025952722,0.026888344
2022/8/7,0.010386705,0.023988649,0.020776282
2022/8/8,0.009123825,0.022614067,0.017410607
2022/8/9,0.007948826,0.022018194,0.021699159
2022/8/10,0.007488299,0.020484971,0.022116029
2022/8/11,0.007803517,0.019718771,0.02070205
2022/8/12,0.01238444,0.020557932,0.021651442
2022/8/13,0.009307269,0.021876842,0.029756321
2022/8/14,0.007815557,0.024226918,0.026407006
2022/8/15,0.007154505,0.027418657,0.020868853
2022/8/16,0.006878551,0.031247781,0.01693557
2022/8/17,0.006778991,0.030324996,0.017208574
2022/8/18,0.007307994,0.027949536,0.018221519
2022/8/19,0.007522912,0.027651463,0.023272792
2022/8/20,0.007985578,0.02546973,0.029247105
2022/8/21,0.007320589,0.023497975,0.027436811
2022/8/22,0.007062839,0.021748207,0.023619224
2022/8/23,0.00784964,0.02023899,0.019613345
2022/8/24,0.007163123,0.024258436,0.019260306
2022/8/25,0.01382842,0.023474211,0.037882648
2022/8/26,0.011730318,0.023125976,0.035457511
2022/8/27,0.009149732,0.021512038,0.023985921
2022/8/28,0.00778314,0.021176879,0.018597342
2022/8/29,0.007129501,0.023008186,0.017254002
2022/8/30,0.006924123,0.027123706,0.018315206
2022/8/31,0.007291787,0.031729136,0.018011963
2022/9/1,0.00853349,0.03144422,0.026291891
2022/9/2,0.008196663,0.032066882,0.02635324
2022/9/3,0.007307754,0.029411186,0.021971909
2022/9/4,0.007023049,0.027379876,0.017823933
2022/9/5,0.007082264,0.026096186,0.015852777
2022/9/6,0.007355746,0.025653795,0.017376006
2022/9/7,0.01107818,0.023630003,0.017145613
2022/9/8,0.008633445,0.032583857,0.027561023
2022/9/9,0.007779743,0.029968739,0.031525932
2022/9/10,0.008821828,0.030054478,0.022217729
2022/9/11,0.008555027,0.029300125,0.018610518
2022/9/12,0.007952535,0.027982423,0.022539541
2022/9/13,0.007365277,0.026311495,0.031035091
2022/9/14,0.006968392,0.024210076,0.041307864
2022/9/15,0.008535718,0.023651958,0.027353122
2022/9/16,0.010538885,0.026708637,0.038078397
2022/9/17,0.017022632,0.024590167,0.025394452
2022/9/18,0.015809743,0.022739082,0.022266959
2022/9/19,0.012777626,0.02112857,0.028127977
2022/9/20,0.009713733,0.01973385,0.038164492
2022/9/21,0.008091949,0.019153173,0.026522607
2022/9/22,0.007335812,0.018490793,0.032248174
2022/9/23,0.007151975,0.017636009,0.024478933
2022/9/24,0.008072397,0.025714271,0.018636948
2022/9/25,0.009035189,0.029221535,0.021519329
2022/9/26,0.010086564,0.030522217,0.035204233
2022/9/27,0.011221327,0.030472976,0.052717639
2022/9/28,0.012401953,0.028616156,0.037921659
2022/9/29,0.013740522,0.031423401,0.025740923
2022/9/30,0.009987705,0.028814706,0.027442925
2022/10/1,0.008836668,0.027408261,0.021411719
2022/10/2,0.008689087,0.025211612,0.022481834
2022/10/3,0.009006669,0.025512648,0.027636555
2022/10/4,0.009531646,0.030524667,0.034462672
2022/10/5,0.010156554,0.030855666,0.041964272
2022/10/6,0.010837419,0.029053356,0.049780317
2022/10/7,0.011554919,0.027169013,0.057766076
2022/10/8,0.012299296,0.033000449,0.065854513
2022/10/9,0.013064779,0.032302925,0.074010302
2022/10/10,0.013847442,0.029532209,0.082212873
2022/10/11,0.014644386,0.028158806,0.09044933
2022/10/12,0.010498676,0.028148685,0.054986314
2022/10/13,0.012801176,0.027727425,0.03632906
2022/10/14,0.009666756,0.026997827,0.024642389
2022/10/15,0.014112056,0.029551383,0.019425803
2022/10/16,0.013346646,0.029053854,0.016345951
2022/10/17,0.011283047,0.027104294,0.01539111
2022/10/18,0.009119085,0.02489751,0.016505494
2022/10/19,0.007746385,0.024364128,0.015916534
2022/10/20,0.01042514,0.026101913,0.01760893
2022/10/21,0.00853046,0.024135731,0.018620531
2022/10/22,0.007488609,0.022502141,0.016295226
2022/10/23,0.007971233,0.020954193,0.015490792
2022/10/24,0.011073057,0.019547944,0.015308063
2022/10/25,0.015608758,0.01834665,0.015365498
2022/10/26,0.010946026,0.017387094,0.015029376
2022/10/27,0.009884953,0.02153617,0.015180593
2022/10/28,0.008794576,0.020291533,0.015790957
2022/10/29,0.016342495,0.019231762,0.016095451
2022/10/30,0.016009978,0.01865732,0.015033733
2022/10/31,0.013798192,0.018632548,0.014980124
2022/11/1,0.011135453,0.019174712,0.01674343
2022/11/2,0.018610011,0.020353875,0.017591555
2022/11/3,0.014550019,0.019539806,0.020697202
2022/11/4,0.010446051,0.020486006,0.017764624
2022/11/5,0.017455119,0.027829986,0.020725081
2022/11/6,0.016049992,0.02838372,0.021839899
2022/11/7,0.012730245,0.02642066,0.022387094
2022/11/8,0.00954745,0.024508661,0.022745231
2022/11/9,0.008366591,0.026434989,0.017790925
2022/11/10,0.008123228,0.028455484,0.029849014
2022/11/11,0.007696365,0.026142088,0.036189217
2022/11/12,0.012805847,0.026497368,0.024433318
2022/11/13,0.011684891,0.024427728,0.018972268
2022/11/14,0.009408886,0.023800751,0.017349056
2022/11/15,0.007873704,0.027781247,0.017760328
2022/11/16,0.012630731,0.02587487,0.031556715
2022/11/17,0.009815987,0.024943386,0.026170181
2022/11/18,0.008072158,0.028361015,0.023711919
2022/11/19,0.00815542,0.026601464,0.02546662
2022/11/20,0.00800934,0.024707497,0.027570888
2022/11/21,0.007792333,0.022843472,0.02983125
2022/11/22,0.007564343,0.021189189,0.032175705
2022/11/23,0.007085921,0.020450206,0.023546514
2022/11/24,0.0070443,0.025834084,0.021048018
2022/11/25,0.007011235,0.02378417,0.040206901
2022/11/26,0.007282958,0.02313507,0.02672491
2022/11/27,0.006928217,0.021862765,0.023032431
2022/11/28,0.007179341,0.020380744,0.027316208
2022/11/29,0.00838221,0.01909644,0.035340516
2022/11/30,0.016348609,0.019939394,0.028555736
2022/12/1,0.011346622,0.022071517,0.02201586
2022/12/2,0.009200193,0.020952611,0.01742536
2022/12/3,0.007964314,0.020020212,0.017515845
2022/12/4,0.007613681,0.020101154,0.020368052
2022/12/5,0.009808878,0.02139503,0.024695856
2022/12/6,0.013736571,0.023856252,0.02975877
2022/12/7,0.0099538,0.025585585,0.037686991
2022/12/8,0.008480839,0.025608307,0.055436175
2022/12/9,0.00743656,0.023618545,0.039356605
2022/12/10,0.007245626,0.021863483,0.03089147
2022/12/11,0.006937203,0.020884765,0.025991067
2022/12/12,0.007458224,0.021397992,0.022759468
2022/12/13,0.008947737,0.023742044,0.020326161
2022/12/14,0.007645801,0.024756178,0.029865271
2022/12/15,0.007073137,0.025279114,0.027676523
2022/12/16,0.007025981,0.023775269,0.022587911
2022/12/17,0.00682857,0.023575908,0.017838669
2022/12/18,0.007963241,0.022040535,0.015924753
2022/12/19,0.010981155,0.020599479,0.015309946
2022/12/20,0.015033435,0.020668364,0.015224094
2022/12/21,0.012669276,0.019594811,0.018350936
2022/12/22,0.009470234,0.021702043,0.017521748
2022/12/23,0.008382804,0.020189675,0.020177947
2022/12/24,0.007595056,0.021206796,0.017339545
2022/12/25,0.007054617,0.020674406,0.015527649
2022/12/26,0.007166208,0.019462786,0.016788472
2022/12/27,0.008016599,0.0182888,0.021015893
2022/12/28,0.009530677,0.017324271,0.019621831
2022/12/29,0.008065846,0.016777966,0.016946946
2022/12/30,0.007782103,0.016020227,0.021755284
2022/12/31,0.007822632,0.018765769,0.020446088
2023/1/1,0.008100903,0.019239604,0.020916714
2023/1/2,0.00849681,0.018604773,0.022108243
2023/1/3,0.008960051,0.017567841,0.023595328
2023/1/4,0.009468359,0.022591989,0.025220862
2023/1/5,0.007988896,0.028555274,0.039071906
2023/1/6,0.009672325,0.026852022,0.046801892
2023/1/7,0.007967403,0.02467704,0.030106848
2023/1/8,0.007373419,0.022881085,0.021301869
2023/1/9,0.007447262,0.021604091,0.017140134
2023/1/10,0.007919189,0.020978516,0.01539304
2023/1/11,0.007306087,0.019567421,0.016485576
2023/1/12,0.007106692,0.022997383,0.018137116
2023/1/13,0.006865812,0.021763822,0.019168668
